"","external_gene_name","chromosome_name","start_position","end_position","X1mb_start","X1mb_end","strand","gene_biotype","File","within.1mb.of.lncRNA"
"1","Gm17189","15",74784065,74800640,NA,NA,1,"antisense","Red","lncRNA"
"2","Gm15879","16",4032839,4037847,NA,NA,-1,"antisense","Red","lncRNA"
"3","9430041J12Rik","7",4074125,4120728,NA,NA,-1,"antisense","Red","lncRNA"
"4","Gm15873","7",4526536,4530575,NA,NA,1,"antisense","Red","lncRNA"
"5","Gm15859","16",4729869,4730809,NA,NA,1,"antisense","Red","lncRNA"
"6","Gm14963","19",6268795,6276605,NA,NA,-1,"lincRNA","Red","lncRNA"
"7","Gm14966","19",6355522,6363759,NA,NA,-1,"antisense","Red","lncRNA"
"8","Gm11802","4",6688169,6704160,NA,NA,1,"antisense","Red","lncRNA"
"9","Gm16337","3",9757607,9786142,NA,NA,1,"lincRNA","Red","lncRNA"
"10","AW112010","19",11047612,11055808,NA,NA,-1,"lincRNA","Red","lncRNA"
"11","Gm13291","2",11385003,11387064,NA,NA,1,"lincRNA","Red","lncRNA"
"12","Gm15419","8",11399186,11417892,NA,NA,-1,"antisense","Red","lncRNA"
"13","4931415C17Rik","8",12672186,12679229,NA,NA,1,"processed_transcript","Red","lncRNA"
"14","Gm37126","2",13672516,13674434,NA,NA,1,"antisense","Red","lncRNA"
"15","Gm26918","5",14520673,14539852,NA,NA,-1,"antisense","Red","lncRNA"
"16","Gm9947","1",14752937,14776931,NA,NA,1,"antisense","Red","lncRNA"
"17","Egfros","11",16815431,16830702,NA,NA,-1,"antisense","Red","lncRNA"
"18","Gm28376","1",16898185,17091631,NA,NA,1,"antisense","Red","lncRNA"
"19","2010309G21Rik","16",19051367,19106749,NA,NA,1,"antisense","Red","lncRNA"
"20","4930447M23Rik","2",19344317,19351050,NA,NA,1,"lincRNA","Red","lncRNA"
"21","A930016O22Rik","7",19417466,19421417,NA,NA,-1,"antisense","Red","lncRNA"
"22","Gm15816","8",23138794,23149585,NA,NA,-1,"antisense","Red","lncRNA"
"23","BC106179","16",23220656,23225484,NA,NA,-1,"processed_transcript","Red","lncRNA"
"24","4930538E20Rik","11",24160528,24172824,NA,NA,-1,"antisense","Red","lncRNA"
"25","Gm15270","10",24549441,24597108,NA,NA,-1,"processed_transcript","Red","lncRNA"
"26","A230028O05Rik","16",25059639,25069058,NA,NA,1,"lincRNA","Red","lncRNA"
"27","A230005M16Rik","2",25705850,25709716,NA,NA,-1,"antisense","Red","lncRNA"
"28","Gm4524","16",25956475,25960342,NA,NA,1,"antisense","Red","lncRNA"
"29","Gm2670","14",28508074,28511392,NA,NA,-1,"antisense","Red","lncRNA"
"30","Gm16282","7",29138440,29140312,NA,NA,-1,"antisense","Red","lncRNA"
"31","2600006K01Rik","2",29868723,29870317,NA,NA,-1,"antisense","Red","lncRNA"
"32","Gm9899","5",30573987,30588619,NA,NA,-1,"processed_transcript","Red","lncRNA"
"33","Lncpint","6",31082565,31220488,NA,NA,-1,"lincRNA","Red","lncRNA"
"34","2210408F21Rik","6",31220351,31337404,NA,NA,1,"processed_transcript","Red","lncRNA"
"35","4833413E03Rik","17",31557126,31559113,NA,NA,1,"lincRNA","Red","lncRNA"
"36","Gm36840","5",32320764,32354883,NA,NA,-1,"antisense","Red","lncRNA"
"37","Bach2os","4",32559680,32571708,NA,NA,-1,"antisense","Red","lncRNA"
"38","Gm27240","9",32709652,32711171,NA,NA,-1,"antisense","Red","lncRNA"
"39","Gm15657","16",33770430,33796874,NA,NA,-1,"antisense","Red","lncRNA"
"40","Gm13404","2",33978246,33980324,NA,NA,1,"lincRNA","Red","lncRNA"
"41","BC051537","17",34083843,34095309,NA,NA,-1,"antisense","Red","lncRNA"
"42","C79798","2",34287771,34304440,NA,NA,1,"antisense","Red","lncRNA"
"43","Gm20513","17",34293073,34308070,NA,NA,-1,"antisense","Red","lncRNA"
"44","4930568A12Rik","1",34477167,34485933,NA,NA,-1,"lincRNA","Red","lncRNA"
"45","Gm13449","2",34993973,35013446,NA,NA,1,"antisense","Red","lncRNA"
"46","Gm16793","8",35582503,35588972,NA,NA,-1,"bidirectional_promoter_lncRNA","Red","lncRNA"
"47","Gm15650","5",35722555,35724485,NA,NA,1,"antisense","Red","lncRNA"
"48","Gm38225","18",36952651,36953043,NA,NA,-1,"antisense","Red","lncRNA"
"49","Gm3896","9",37015758,37020671,NA,NA,1,"antisense","Red","lncRNA"
"50","Gm16151","1",38307902,38311930,NA,NA,1,"antisense","Red","lncRNA"
"51","C230034O21Rik","3",38874570,38888259,NA,NA,-1,"antisense","Red","lncRNA"
"52","Gm15336","18",39246247,39302690,NA,NA,-1,"antisense","Red","lncRNA"
"53","Gm15337","18",39367038,39389425,NA,NA,-1,"antisense","Red","lncRNA"
"54","Arl4aos","12",40038099,40040027,NA,NA,1,"antisense","Red","lncRNA"
"55","Gm16894","1",40076228,40085851,NA,NA,-1,"antisense","Red","lncRNA"
"56","Cdk19os","10",40348508,40350103,NA,NA,-1,"antisense","Red","lncRNA"
"57","Gm35801","1",40572188,40580662,NA,NA,-1,"antisense","Red","lncRNA"
"58","Gm16096","9",40780742,40784181,NA,NA,-1,"processed_transcript","Red","lncRNA"
"59","Gm17196","10",41553762,41556552,NA,NA,1,"antisense","Red","lncRNA"
"60","Gm15810","13",42782692,42788258,NA,NA,-1,"antisense","Red","lncRNA"
"61","Gm15813","13",43117673,43125717,NA,NA,-1,"antisense","Red","lncRNA"
"62","Gm12146","11",43197424,43259784,NA,NA,-1,"antisense","Red","lncRNA"
"63","Gm12144","11",43229563,43232264,NA,NA,-1,"antisense","Red","lncRNA"
"64","Arhgap15os","2",44059238,44065324,NA,NA,-1,"antisense","Red","lncRNA"
"65","C030014I23Rik","9",44468344,44482180,NA,NA,1,"lincRNA","Red","lncRNA"
"66","Gm43507","5",44641484,44662153,NA,NA,1,"antisense","Red","lncRNA"
"67","Gm12158","11",44659522,44662676,NA,NA,-1,"antisense","Red","lncRNA"
"68","Gm10684","9",45107176,45135606,NA,NA,-1,"lincRNA","Red","lncRNA"
"69","4833428L15Rik","9",45416626,45431730,NA,NA,-1,"antisense","Red","lncRNA"
"70","Gm15700","7",46561301,46578201,NA,NA,1,"antisense","Red","lncRNA"
"71","Gm12426","4",47197487,47208459,NA,NA,-1,"antisense","Red","lncRNA"
"72","AA386476","8",47675391,47685239,NA,NA,1,"bidirectional_promoter_lncRNA","Red","lncRNA"
"73","Gimap1os","6",48738346,48741444,NA,NA,-1,"processed_transcript","Red","lncRNA"
"74","Gm2788","7",48877958,48913040,NA,NA,1,"processed_transcript","Red","lncRNA"
"75","Plet1os","9",50488795,50507823,NA,NA,-1,"antisense","Red","lncRNA"
"76","Gm15527","6",54245742,54279076,NA,NA,-1,"processed_transcript","Red","lncRNA"
"77","Gm43305","14",54292443,54297456,NA,NA,-1,"processed_transcript","Red","lncRNA"
"78","Mhrt","14",54968678,54974349,NA,NA,1,"antisense","Red","lncRNA"
"79","2410022M11Rik","14",56811989,56813899,NA,NA,1,"bidirectional_promoter_lncRNA","Red","lncRNA"
"80","9130024F11Rik","1",56971412,57050084,NA,NA,1,"processed_transcript","Red","lncRNA"
"81","4932441J04Rik","5",57570082,57720201,NA,NA,-1,"processed_transcript","Red","lncRNA"
"82","Gm26555","13",58281183,58299145,NA,NA,1,"antisense","Red","lncRNA"
"83","Gm43570","3",59002471,59006158,NA,NA,-1,"antisense","Red","lncRNA"
"84","Gm9869","9",60821552,60838200,NA,NA,-1,"antisense","Red","lncRNA"
"85","Gm37035","3",61001639,61003786,NA,NA,-1,"antisense","Red","lncRNA"
"86","Gm38165","18",61691046,61692384,NA,NA,-1,"antisense","Red","lncRNA"
"87","Gm13561","2",62357071,62470913,NA,NA,1,"antisense","Red","lncRNA"
"88","Gm11209","4",62627677,62633712,NA,NA,-1,"antisense","Red","lncRNA"
"89","Gm29083","1",62714723,62718073,NA,NA,-1,"antisense","Red","lncRNA"
"90","8030451A03Rik","4",63979854,64149924,NA,NA,1,"processed_transcript","Red","lncRNA"
"91","Gm12289","11",64012615,64015224,NA,NA,1,"antisense","Red","lncRNA"
"92","5830416I19Rik","5",64044978,64050228,NA,NA,1,"lincRNA","Red","lncRNA"
"93","Gm13748","1",64078654,64090782,NA,NA,1,"antisense","Red","lncRNA"
"94","Gm10032","14",66784480,66793758,NA,NA,1,"lincRNA","Red","lncRNA"
"95","Gm17035","15",66929607,66931107,NA,NA,1,"antisense","Red","lncRNA"
"96","Gm2895","15",66969323,67013039,NA,NA,1,"bidirectional_promoter_lncRNA","Red","lncRNA"
"97","Gm15949","5",66985091,66985641,NA,NA,-1,"antisense","Red","lncRNA"
"98","Gm15948","5",66988816,66991207,NA,NA,-1,"antisense","Red","lncRNA"
"99","Gm12301","11",67571622,67577466,NA,NA,-1,"antisense","Red","lncRNA"
"100","4930474H06Rik","12",71317621,71321660,NA,NA,-1,"processed_transcript","Red","lncRNA"
"101","Apol7d","1",71652837,71662843,NA,NA,1,"antisense","Red","lncRNA"
"102","Rapgef4os1","2",72097603,72148796,NA,NA,-1,"antisense","Red","lncRNA"
"103","Rapgef4os3","2",72244965,72248975,NA,NA,-1,"antisense","Red","lncRNA"
"104","Chn1os1","2",73658270,73660263,NA,NA,1,"antisense","Red","lncRNA"
"105","D730045A05Rik","18",74017907,74020088,NA,NA,1,"lincRNA","Red","lncRNA"
"106","Haglr","2",74748422,74762896,NA,NA,-1,"bidirectional_promoter_lncRNA","Red","lncRNA"
"107","Gm28180","11",74992773,74993494,NA,NA,-1,"antisense","Red","lncRNA"
"108","Gm15629","14",75197073,75199271,NA,NA,-1,"antisense","Red","lncRNA"
"109","Gm15063","X",75573452,75575268,NA,NA,1,"antisense","Red","lncRNA"
"110","Gm12339","11",75794768,75825241,NA,NA,1,"processed_transcript","Red","lncRNA"
"111","Gm6994","14",77479483,77506868,NA,NA,-1,"antisense","Red","lncRNA"
"112","F830208F22Rik","18",77793259,77796743,NA,NA,-1,"processed_transcript","Red","lncRNA"
"113","Gm26634","15",78862956,78868533,NA,NA,-1,"lincRNA","Red","lncRNA"
"114","Gm36569","3",79859293,79886806,NA,NA,-1,"antisense","Red","lncRNA"
"115","Slfn5os","11",82942341,82960681,NA,NA,-1,"antisense","Red","lncRNA"
"116","Gm10710","3",83125276,83129246,NA,NA,-1,"lincRNA","Red","lncRNA"
"117","AI662270","11",83223576,83226604,NA,NA,1,"processed_transcript","Red","lncRNA"
"118","4732463B04Rik","12",84039469,84053807,NA,NA,-1,"antisense","Red","lncRNA"
"119","Gm15475","6",84093772,84107007,NA,NA,-1,"antisense","Red","lncRNA"
"120","Gm26887","8",84192774,84197667,NA,NA,-1,"lincRNA","Red","lncRNA"
"121","Gm13710","2",84500760,84531322,NA,NA,-1,"lincRNA","Red","lncRNA"
"122","Gm10638","8",86745453,86748655,NA,NA,1,"antisense","Red","lncRNA"
"123","Efhd1os","1",87264481,87265174,NA,NA,-1,"antisense","Red","lncRNA"
"124","4833418N02Rik","17",87274886,87282814,NA,NA,-1,"processed_transcript","Red","lncRNA"
"125","1700066N21Rik","5",87908579,87979351,NA,NA,-1,"antisense","Red","lncRNA"
"126","BC037156","5",87908779,87914171,NA,NA,1,"lincRNA","Red","lncRNA"
"127","Gm2396","9",88878994,88937342,NA,NA,-1,"processed_transcript","Red","lncRNA"
"128","Gm16048","3",90451583,90457095,NA,NA,1,"antisense","Red","lncRNA"
"129","Gm16876","12",91684665,91693590,NA,NA,1,"antisense","Red","lncRNA"
"130","4930466I24Rik","6",92012394,92016117,NA,NA,-1,"antisense","Red","lncRNA"
"131","Crnde","8",92326033,92356120,NA,NA,-1,"processed_transcript","Red","lncRNA"
"132","Gm16262","9",94695704,94702319,NA,NA,-1,"antisense","Red","lncRNA"
"133","Gm1976","17",94759944,94834799,NA,NA,-1,"processed_transcript","Red","lncRNA"
"134","F630028O10Rik","X",96239926,96243636,NA,NA,1,"antisense","Red","lncRNA"
"135","Gm20628","3",96267075,96270289,NA,NA,-1,"antisense","Red","lncRNA"
"136","Hoxb5os","11",96291024,96306910,NA,NA,-1,"antisense","Red","lncRNA"
"137","2410003L11Rik","11",97598511,97622893,NA,NA,1,"processed_transcript","Red","lncRNA"
"138","Rapgef3os2","15",97766549,97768713,NA,NA,1,"antisense","Red","lncRNA"
"139","1700003D09Rik","11",98350718,98358283,NA,NA,-1,"processed_transcript","Red","lncRNA"
"140","Gm11571","11",100052286,100085983,NA,NA,1,"antisense","Red","lncRNA"
"141","4930406D18Rik","3",100426405,100437754,NA,NA,1,"processed_transcript","Red","lncRNA"
"142","A330009N23Rik","15",101221195,101225186,NA,NA,-1,"antisense","Red","lncRNA"
"143","Gm11615","11",101264762,101266303,NA,NA,-1,"antisense","Red","lncRNA"
"144","C130046K22Rik","11",103697724,103722832,NA,NA,1,"processed_transcript","Red","lncRNA"
"145","Gm11651","11",105965608,105985694,NA,NA,-1,"antisense","Red","lncRNA"
"146","A530053M12Rik","1",106400178,106401987,NA,NA,-1,"lincRNA","Red","lncRNA"
"147","Gm11713","11",107410390,107413549,NA,NA,1,"antisense","Red","lncRNA"
"148","Gm11714","11",107428276,107435686,NA,NA,1,"processed_transcript","Red","lncRNA"
"149","Lrp8os3","4",107793161,107802064,NA,NA,-1,"bidirectional_promoter_lncRNA","Red","lncRNA"
"150","4833445I07Rik","9",108567533,108569174,NA,NA,1,"lincRNA","Red","lncRNA"
"151","Gm12743","4",108592425,108619849,NA,NA,-1,"processed_transcript","Red","lncRNA"
"152","Gm43221","3",109000024,109002094,NA,NA,1,"antisense","Red","lncRNA"
"153","Gm7628","9",109093844,109097796,NA,NA,-1,"antisense","Red","lncRNA"
"154","Gm11683","11",109797183,109802796,NA,NA,1,"antisense","Red","lncRNA"
"155","Gm15894","8",110754992,110758970,NA,NA,1,"antisense","Red","lncRNA"
"156","1700020G17Rik","10",110784585,110896550,NA,NA,-1,"antisense","Red","lncRNA"
"157","Gm15895","8",110805638,110807477,NA,NA,1,"antisense","Red","lncRNA"
"158","1700061E17Rik","9",110986201,110987804,NA,NA,1,"antisense","Red","lncRNA"
"159","Gm10030","9",110989499,111008029,NA,NA,1,"processed_transcript","Red","lncRNA"
"160","Gm10425","12",111426874,111430946,NA,NA,-1,"antisense","Red","lncRNA"
"161","Gm15326","13",111867936,111874730,NA,NA,1,"lincRNA","Red","lncRNA"
"162","Gm13822","5",114917318,114923277,NA,NA,-1,"antisense","Red","lncRNA"
"163","Gm13830","5",115301120,115319208,NA,NA,1,"lincRNA","Red","lncRNA"
"164","Gm11695","11",115462045,115463454,NA,NA,-1,"antisense","Red","lncRNA"
"165","Kcnmb4os2","10",116473163,116475319,NA,NA,1,"antisense","Red","lncRNA"
"166","Gm29340","2",116972575,116976428,NA,NA,-1,"lincRNA","Red","lncRNA"
"167","Gm17509","13",117218701,117221075,NA,NA,-1,"antisense","Red","lncRNA"
"168","Gm11725","11",117871250,117887416,NA,NA,1,"antisense","Red","lncRNA"
"169","Gm14091","2",118829874,118834122,NA,NA,-1,"antisense","Red","lncRNA"
"170","Gm12861","4",118971297,118999458,NA,NA,1,"processed_transcript","Red","lncRNA"
"171","Gm12862","4",118999660,119000485,NA,NA,-1,"lincRNA","Red","lncRNA"
"172","Gm16063","5",119625942,119634464,NA,NA,1,"lincRNA","Red","lncRNA"
"173","Gm15856","6",121223692,121226153,NA,NA,-1,"antisense","Red","lncRNA"
"174","Gm43301","5",122581469,122584853,NA,NA,1,"antisense","Red","lncRNA"
"175","Gm10612","8",122697860,122700160,NA,NA,1,"antisense","Red","lncRNA"
"176","4933405D12Rik","3",122864737,122924116,NA,NA,-1,"antisense","Red","lncRNA"
"177","Gm28932","14",123979210,123980619,NA,NA,1,"antisense","Red","lncRNA"
"178","Gm16567","6",124530911,124542310,NA,NA,1,"antisense","Red","lncRNA"
"179","Gm40323","5",125361175,125370760,NA,NA,1,"lincRNA","Red","lncRNA"
"180","Gm9913","2",125505089,125507881,NA,NA,1,"antisense","Red","lncRNA"
"181","Gm43126","6",127122966,127126155,NA,NA,1,"antisense","Red","lncRNA"
"182","Gm16958","3",127161304,127168288,NA,NA,1,"antisense","Red","lncRNA"
"183","Fzd10os","5",128579106,128600693,NA,NA,-1,"lincRNA","Red","lncRNA"
"184","Gm42697","3",129728845,129740188,NA,NA,1,"antisense","Red","lncRNA"
"185","Gm10570","4",130306556,130308674,NA,NA,-1,"antisense","Red","lncRNA"
"186","Gm12970","4",130811617,130812326,NA,NA,-1,"antisense","Red","lncRNA"
"187","Gm26716","4",130824394,130826313,NA,NA,-1,"antisense","Red","lncRNA"
"188","Gm14104","2",132845999,132847256,NA,NA,-1,"antisense","Red","lncRNA"
"189","Gm15851","1",133906531,133914822,NA,NA,1,"antisense","Red","lncRNA"
"190","B230119M05Rik","X",134684562,134686462,NA,NA,-1,"processed_transcript","Red","lncRNA"
"191","Gm10535","1",135108961,135113378,NA,NA,1,"antisense","Red","lncRNA"
"192","5830432E09Rik","7",135635931,135652314,NA,NA,-1,"antisense","Red","lncRNA"
"193","Gm37759","1",136116577,136119822,NA,NA,-1,"antisense","Red","lncRNA"
"194","Gm36551","5",137857045,137860318,NA,NA,1,"antisense","Red","lncRNA"
"195","Gm43495","5",137870754,137871209,NA,NA,1,"antisense","Red","lncRNA"
"196","Gm26936","1",137928389,137969240,NA,NA,-1,"lincRNA","Red","lncRNA"
"197","Gm16559","3",138281408,138307022,NA,NA,-1,"antisense","Red","lncRNA"
"198","Gm16287","4",139175405,139180655,NA,NA,-1,"antisense","Red","lncRNA"
"199","Gm14066","2",139256876,139677714,NA,NA,-1,"processed_transcript","Red","lncRNA"
"200","Gm13032","4",140810993,140817511,NA,NA,1,"processed_transcript","Red","lncRNA"
"201","Gm13031","4",140947666,140957902,NA,NA,-1,"antisense","Red","lncRNA"
"202","Fhad1os1","4",141982992,141986797,NA,NA,1,"antisense","Red","lncRNA"
"203","H19","7",142575529,142578143,NA,NA,-1,"lincRNA","Red","lncRNA"
"204","Igf2os","7",142659693,142670356,NA,NA,1,"antisense","Red","lncRNA"
"205","Gm42705","3",143743377,143827012,NA,NA,1,"lincRNA","Red","lncRNA"
"206","Gm42706","3",143770539,143772448,NA,NA,1,"lincRNA","Red","lncRNA"
"207","Gm14092","2",145550652,145554982,NA,NA,-1,"antisense","Red","lncRNA"
"208","Gm26597","5",147399554,147401917,NA,NA,1,"antisense","Red","lncRNA"
"209","2310047D07Rik","5",149231332,149237984,NA,NA,1,"lincRNA","Red","lncRNA"
"210","Gm19719","5",149282752,149287868,NA,NA,-1,"antisense","Red","lncRNA"
"211","Gm20631","1",150625266,150783499,NA,NA,1,"antisense","Red","lncRNA"
"212","E130215H24Rik","2",150667494,150668935,NA,NA,1,"processed_transcript","Red","lncRNA"
"213","Gm10138","1",151339604,151345231,NA,NA,-1,"antisense","Red","lncRNA"
"214","1700028E10Rik","5",151368675,151432118,NA,NA,1,"processed_transcript","Red","lncRNA"
"215","Gm31881","3",152106439,152107383,NA,NA,1,"antisense","Red","lncRNA"
"216","Gm29529","1",153690391,153692656,NA,NA,-1,"antisense","Red","lncRNA"
"217","Gm28513","1",153743552,153749324,NA,NA,-1,"antisense","Red","lncRNA"
"218","Gm28286","1",154027363,154034301,NA,NA,-1,"lincRNA","Red","lncRNA"
"219","A830008E24Rik","1",154037597,154117951,NA,NA,-1,"lincRNA","Red","lncRNA"
"220","Gm20421","4",154960770,154961678,NA,NA,-1,"processed_transcript","Red","lncRNA"
"221","Gm9530","1",155063447,155083266,NA,NA,-1,"lincRNA","Red","lncRNA"
"222","Mxra8os","4",155839492,155840178,NA,NA,-1,"antisense","Red","lncRNA"
"223","Gm20412","2",158117154,158117905,NA,NA,1,"processed_transcript","Red","lncRNA"
"224","Gm37273","1",162983014,163066682,NA,NA,1,"antisense","Red","lncRNA"
"225","A730032A03Rik","2",164177584,164196564,NA,NA,1,"antisense","Red","lncRNA"
"226","5330438I03Rik","1",166306741,166309585,NA,NA,-1,"antisense","Red","lncRNA"
"227","5031425F14Rik","2",166447451,166459232,NA,NA,1,"lincRNA","Red","lncRNA"
"228","Gm11476","2",167553314,167607845,NA,NA,1,"processed_transcript","Red","lncRNA"
"229","Gm15261","X",169037674,169106536,NA,NA,-1,"antisense","Red","lncRNA"
"230","Gm14455","2",172425804,172440560,NA,NA,-1,"antisense","Red","lncRNA"
"231","Prox1os","1",190170296,190217276,NA,NA,1,"antisense","Red","lncRNA"
"232","Gm38037","1",191820370,191821993,NA,NA,-1,"antisense","Red","lncRNA"
"233","Mefv","16",3707218,3718097,2707218,4718097,-1,"protein_coding","Blue","+"
"234","Pirb","7",3711409,3720391,2711409,4720391,-1,"protein_coding","Blue","+"
"235","Zfp263","16",3744093,3750790,2744093,4750790,1,"protein_coding","Blue","+"
"236","Trap1","16",4039971,4077827,3039971,5077827,-1,"protein_coding","Blue","+"
"237","Srl","16",4480216,4541816,3480216,5541816,-1,"protein_coding","Blue","+"
"238","Glis2","16",4594713,4624924,3594713,5624924,1,"protein_coding","Blue","+"
"239","Kat5","19",5603014,5610237,4603014,6610237,-1,"protein_coding","Blue","+"
"240","Ltbp3","19",5740904,5758532,4740904,6758532,1,"protein_coding","Blue","+"
"241","Scyl1","19",5758351,5771419,4758351,6771419,-1,"protein_coding","Blue","+"
"242","Slc25a45","19",5877808,5885878,4877808,6885878,1,"protein_coding","Blue","+"
"243","Men1","19",6334979,6340891,5334979,7340891,1,"protein_coding","Blue","+"
"244","Nrxn2","19",6418731,6544169,5418731,7544169,1,"protein_coding","Blue","+"
"245","Trpt1","19",6996131,6999046,5996131,7999046,1,"protein_coding","Blue","+"
"246","Incenp","19",9872296,9899551,8872296,10899551,-1,"protein_coding","Blue","+"
"247","Fads1","19",10182888,10196877,9182888,11196877,1,"protein_coding","Blue","+"
"248","Myrf","19",10208272,10240748,9208272,11240748,-1,"protein_coding","Blue","+"
"249","Slc15a3","19",10839727,10859362,9839727,11859362,1,"protein_coding","Blue","+"
"250","Tmem132a","19",10857822,10869940,9857822,11869940,-1,"protein_coding","Blue","+"
"251","Gas6","8",13465374,13494490,12465374,14494490,-1,"protein_coding","Blue","+"
"252","Ly96","1",16688051,16709611,15688051,17709611,1,"protein_coding","Blue","+"
"253","Fbxo48","11",16951375,16954772,15951375,17954772,1,"protein_coding","Blue","+"
"254","Trmt2a","16",18248679,18254772,17248679,19254772,1,"protein_coding","Blue","+"
"255","Ccdc61","7",18890883,18910415,17890883,19910415,-1,"protein_coding","Blue","+"
"256","Ppm1n","7",19276805,19280064,18276805,20280064,-1,"protein_coding","Blue","+"
"257","Rtn2","7",19282624,19296160,18282624,20296160,1,"protein_coding","Blue","+"
"258","Otud1","2",19657752,19660583,18657752,20660583,1,"protein_coding","Blue","+"
"259","St6gal1","16",23224740,23360350,22224740,24360350,1,"protein_coding","Blue","+"
"260","Moxd1","10",24223517,24302790,23223517,25302790,1,"protein_coding","Blue","+"
"261","Stpg3","2",25212207,25214637,24212207,26214637,-1,"protein_coding","Blue","+"
"262","Grin1","2",25291181,25319187,24291181,26319187,-1,"protein_coding","Blue","+"
"263","Tmem141","2",25620067,25622005,24620067,26622005,-1,"protein_coding","Blue","+"
"264","Fcna","2",25624666,25628030,24624666,26628030,-1,"protein_coding","Blue","+"
"265","Dnlz","2",26348121,26352110,25348121,27352110,-1,"protein_coding","Blue","+"
"266","Il1rap","16",26581704,26730117,25581704,27730117,1,"protein_coding","Blue","+"
"267","Med29","7",28386146,28392708,27386146,29392708,-1,"protein_coding","Blue","+"
"268","Rinl","7",28788969,28798963,27788969,29798963,1,"protein_coding","Blue","+"
"269","Ech1","7",28825217,28832247,27825217,29832247,1,"protein_coding","Blue","+"
"270","Kcnk6","7",29221926,29232515,28221926,30232515,-1,"protein_coding","Blue","+"
"271","Tbc1d13","2",30133746,30152013,29133746,31152013,1,"protein_coding","Blue","+"
"272","Dpysl5","5",30711564,30799375,29711564,31799375,1,"protein_coding","Blue","+"
"273","Mest","6",30723547,30748465,29723547,31748465,1,"protein_coding","Blue","+"
"274","Copg2","6",30747554,30896794,29747554,31896794,-1,"protein_coding","Blue","+"
"275","Zfp513","5",31198981,31202303,30198981,32202303,-1,"protein_coding","Blue","+"
"276","Ppm1g","5",31202664,31220687,30202664,32220687,-1,"protein_coding","Blue","+"
"277","Rrp1b","17",32036100,32062865,31036100,33062865,1,"protein_coding","Blue","+"
"278","Fosl2","5",32135801,32157842,31135801,33157842,1,"protein_coding","Blue","+"
"279","Fli1","9",32422204,32542861,31422204,33542861,-1,"protein_coding","Blue","+"
"280","Ets1","9",32636221,32757820,31636221,33757820,1,"protein_coding","Blue","+"
"281","Prr14l","5",32789820,32854256,31789820,33854256,-1,"protein_coding","Blue","+"
"282","Heg1","16",33684370,33771576,32684370,34771576,1,"protein_coding","Blue","+"
"283","Rps28","17",33819027,33824562,32819027,34824562,-1,"protein_coding","Blue","+"
"284","H2-Ab1","17",34257689,34269419,33257689,35269419,1,"protein_coding","Blue","+"
"285","H2-Aa","17",34282744,34287823,33282744,35287823,-1,"protein_coding","Blue","+"
"286","H2-Eb1","17",34305867,34316674,33305867,35316674,1,"protein_coding","Blue","+"
"287","Gpsm3","17",34589806,34591754,33589806,35591754,1,"protein_coding","Blue","+"
"288","Ager","17",34597862,34600936,33597862,35600936,1,"protein_coding","Blue","+"
"289","Prrt1","17",34629533,34633126,33629533,35633126,1,"protein_coding","Blue","+"
"290","Rabepk","2",34777556,34799912,33777556,35799912,-1,"protein_coding","Blue","+"
"291","Psmd5","2",34849734,34874968,33849734,35874968,-1,"protein_coding","Blue","+"
"292","Hc","2",34983331,35061438,33983331,36061438,-1,"protein_coding","Blue","+"
"293","Dok7","5",35056766,35087839,34056766,36087839,1,"protein_coding","Blue","+"
"294","Lst1","17",35185095,35188439,34185095,36188439,-1,"protein_coding","Blue","+"
"295","Gm16181","17",35220834,35224134,34220834,36224134,1,"protein_coding","Blue","+"
"296","Ggta1","2",35400179,35463231,34400179,36463231,-1,"protein_coding","Blue","+"
"297","Htra3","5",35652023,35679782,34652023,36679782,-1,"protein_coding","Blue","+"
"298","Tsga10","1",37754776,37866429,36754776,38866429,-1,"protein_coding","Blue","+"
"299","Arap3","18",37972628,37998969,36972628,38998969,-1,"protein_coding","Blue","+"
"300","Traf3ip2","10",39612934,39655307,38612934,40655307,1,"protein_coding","Blue","+"
"301","Map4k4","1",39900913,40026310,38900913,41026310,1,"protein_coding","Blue","+"
"302","Cdk19","10",40339564,40483818,39339564,41483818,1,"protein_coding","Blue","+"
"303","Slc9a2","1",40680574,40769273,39680574,41769273,1,"protein_coding","Blue","+"
"304","Cd164","10",41519414,41531048,40519414,42531048,1,"protein_coding","Blue","+"
"305","Phactr1","13",42680623,43138526,41680623,44138526,1,"protein_coding","Blue","+"
"306","Cd24a","10",43578284,43584265,42578284,44584265,1,"protein_coding","Blue","+"
"307","Cd83","13",43784775,43803132,42784775,44803132,1,"protein_coding","Blue","+"
"308","Tapt1","5",44175154,44226626,43175154,45226626,-1,"protein_coding","Blue","+"
"309","Sphk2","7",45709467,45718002,44709467,46718002,-1,"protein_coding","Blue","+"
"310","Rnf214","9",45863425,45906911,44863425,46906911,-1,"protein_coding","Blue","+"
"311","Tmem86a","7",47050601,47054777,46050601,48054777,1,"protein_coding","Blue","+"
"312","Ptpn5","7",47077795,47133684,46077795,48133684,-1,"protein_coding","Blue","+"
"313","Mrgpra6","7",47185707,47204920,46185707,48204920,-1,"protein_coding","Blue","+"
"314","Mrgpra9","7",47234861,47252848,46234861,48252848,-1,"protein_coding","Blue","+"
"315","Rarres2","6",48569696,48572789,47569696,49572789,-1,"protein_coding","Blue","+"
"316","Aoc1","6",48872896,48909188,47872896,49909188,1,"protein_coding","Blue","+"
"317","Igf2bp3","6",49085223,49214957,48085223,50214957,-1,"protein_coding","Blue","+"
"318","Ncam1","9",49502136,49798925,48502136,50798925,-1,"protein_coding","Blue","+"
"319","Emc9","14",55581516,55585302,54581516,56585302,-1,"protein_coding","Blue","+"
"320","Sdr39u1","14",55897283,55900293,54897283,56900293,-1,"protein_coding","Blue","+"
"321","Cenpj","14",56526761,56575425,55526761,57575425,-1,"protein_coding","Blue","+"
"322","Kctd18","1",57955101,58018956,56955101,59018956,-1,"protein_coding","Blue","+"
"323","Kif27","13",58287502,58359122,57287502,59359122,-1,"protein_coding","Blue","+"
"324","Slc28a3","13",58545399,58610877,57545399,59610877,-1,"protein_coding","Blue","+"
"325","P2ry14","3",59113855,59153618,58113855,60153618,-1,"protein_coding","Blue","+"
"326","P2ry13","3",59207892,59210882,58207892,60210882,-1,"protein_coding","Blue","+"
"327","Myo9a","9",59750896,59928866,58750896,60928866,1,"protein_coding","Blue","+"
"328","Tcof1","18",60813755,60848971,59813755,61848971,-1,"protein_coding","Blue","+"
"329","Adrb2","18",62177816,62179959,61177816,63179959,-1,"protein_coding","Blue","+"
"330","Dpp4","2",62330073,62412231,61330073,63412231,-1,"protein_coding","Blue","+"
"331","Akna","4",63367125,63403354,62367125,64403354,-1,"protein_coding","Blue","+"
"332","Tmem268","4",63558781,63586357,62558781,64586357,1,"protein_coding","Blue","+"
"333","Klf3","5",64803388,64832901,63803388,65832901,1,"protein_coding","Blue","+"
"334","Pappa","4",65124174,65357509,64124174,66357509,1,"protein_coding","Blue","+"
"335","Scara3","14",65919394,65953935,64919394,66953935,-1,"protein_coding","Blue","+"
"336","Adra1a","14",66635251,66771168,65635251,67771168,1,"protein_coding","Blue","+"
"337","Ndrg1","15",66929318,66969640,65929318,67969640,-1,"protein_coding","Blue","+"
"338","Pik3r5","11",68432121,68497849,67432121,69497849,1,"protein_coding","Blue","+"
"339","Fn1","1",71585520,71653200,70585520,72653200,-1,"protein_coding","Blue","+"
"340","Rap1gap2","11",74383356,74610915,73383356,75610915,-1,"protein_coding","Blue","+"
"341","Slurp1","15",74724318,74728034,73724318,75728034,-1,"protein_coding","Blue","+"
"342","Ly6d","15",74762056,74763620,73762056,75763620,-1,"protein_coding","Blue","+"
"343","Ly6e","15",74955051,74959905,73955051,75959905,1,"protein_coding","Blue","+"
"344","Ly6a","15",74994877,74998031,73994877,75998031,-1,"protein_coding","Blue","+"
"345","Rubcnl","14",75016027,75052532,74016027,76052532,1,"protein_coding","Blue","+"
"346","Lcp1","14",75131101,75230842,74131101,76230842,1,"protein_coding","Blue","+"
"347","Rab39b","X",75572046,75578231,74572046,76578231,-1,"protein_coding","Blue","+"
"348","Doc2b","11",75768966,75796049,74768966,76796049,-1,"protein_coding","Blue","+"
"349","Rph3al","11",75830999,75938429,74830999,76938429,-1,"protein_coding","Blue","+"
"350","Pstpip2","18",77789914,77882879,76789914,78882879,1,"protein_coding","Blue","+"
"351","Ncf4","15",78244801,78262580,77244801,79262580,1,"protein_coding","Blue","+"
"352","Tnfsf11","14",78277445,78308043,77277445,79308043,-1,"protein_coding","Blue","+"
"353","Csf2rb","15",78325752,78353847,77325752,79353847,1,"protein_coding","Blue","+"
"354","Kctd17","15",78428564,78439303,77428564,79439303,1,"protein_coding","Blue","+"
"355","Tmprss6","15",78439667,78468634,77439667,79468634,-1,"protein_coding","Blue","+"
"356","Rac2","15",78559167,78572783,77559167,79572783,-1,"protein_coding","Blue","+"
"357","Lgals1","15",78926725,78930465,77926725,79930465,1,"protein_coding","Blue","+"
"358","Sox10","15",79154908,79165240,78154908,80165240,-1,"protein_coding","Blue","+"
"359","Fnip2","3",79455974,79567796,78455974,80567796,-1,"protein_coding","Blue","+"
"360","Cbx6","15",79823896,79834688,78823896,80834688,-1,"protein_coding","Blue","+"
"361","Ccl9","11",83572919,83578636,82572919,84578636,-1,"protein_coding","Blue","+"
"362","Ccl6","11",83587882,83593087,82587882,84593087,-1,"protein_coding","Blue","+"
"363","Wfdc18","11",83709015,83711348,82709015,84711348,1,"protein_coding","Blue","+"
"364","Sfrp2","3",83766321,83774316,82766321,84774316,1,"protein_coding","Blue","+"
"365","Acot3","12",84052144,84060402,83052144,85060402,1,"protein_coding","Blue","+"
"366","Acaca","11",84129672,84401651,83129672,85401651,1,"protein_coding","Blue","+"
"367","Ctnnd1","2",84600071,84650765,83600071,85650765,-1,"protein_coding","Blue","+"
"368","Gcdh","8",84886393,84893921,83886393,85893921,-1,"protein_coding","Blue","+"
"369","Rnaseh2a","8",84956610,84969767,83956610,85969767,-1,"protein_coding","Blue","+"
"370","Ptma","1",86526726,86530712,85526726,87530712,1,"protein_coding","Blue","+"
"371","Csn1s1","5",87666208,87682578,86666208,88682578,1,"protein_coding","Blue","+"
"372","Csn2","5",87692624,87699630,86692624,88699630,-1,"protein_coding","Blue","+"
"373","Csn1s2a","5",87774567,87788797,86774567,88788797,1,"protein_coding","Blue","+"
"374","Csn3","5",87925579,87932665,86925579,88932665,1,"protein_coding","Blue","+"
"375","Smr3a","5",88002549,88008534,87002549,89008534,1,"protein_coding","Blue","+"
"376","Jchain","5",88519809,88527891,87519809,89527891,-1,"protein_coding","Blue","+"
"377","Mthfs","9",89210676,89377713,88210676,90377713,1,"protein_coding","Blue","+"
"378","Tmed3","9",89699206,89705068,88699206,90705068,-1,"protein_coding","Blue","+"
"379","Rasgrf1","9",89909908,90026977,88909908,91026977,1,"protein_coding","Blue","+"
"380","S100a6","3",90612882,90624181,89612882,91624181,1,"protein_coding","Blue","+"
"381","Cep128","12",90998492,91384409,89998492,92384409,-1,"protein_coding","Blue","+"
"382","Fbln2","6",91212455,91272540,90212455,92272540,1,"protein_coding","Blue","+"
"383","Fto","8",91313525,91668439,90313525,92668439,1,"protein_coding","Blue","+"
"384","Slc6a6","6",91684053,91759066,90684053,92759066,1,"protein_coding","Blue","+"
"385","Irx3","8",91798525,91802067,90798525,92802067,-1,"protein_coding","Blue","+"
"386","Lpcat2","8",92855339,92919279,91855339,93919279,1,"protein_coding","Blue","+"
"387","Cers2","3",95314791,95323599,94314791,96323599,1,"protein_coding","Blue","+"
"388","Zc3h12b","X",95711678,95932637,94711678,96932637,1,"protein_coding","Blue","+"
"389","Plekho1","3",95988429,95996001,94988429,96996001,-1,"protein_coding","Blue","+"
"390","H2bc18","3",96269752,96270132,95269752,97270132,1,"protein_coding","Blue","+"
"391","Txnip","3",96557957,96561883,95557957,97561883,1,"protein_coding","Blue","+"
"392","Pced1b","15",97247107,97385680,96247107,98385680,1,"protein_coding","Blue","+"
"393","Lasp1","11",97799000,97838764,96799000,98838764,1,"protein_coding","Blue","+"
"394","Arl5c","11",97989578,97996181,96989578,98996181,-1,"protein_coding","Blue","+"
"395","Lalba","15",98480400,98482721,97480400,99482721,-1,"protein_coding","Blue","+"
"396","Nr1d1","11",98767932,98775333,97767932,99775333,-1,"protein_coding","Blue","+"
"397","Top2a","11",98992943,99024189,97992943,100024189,-1,"protein_coding","Blue","+"
"398","Krt17","11",100256217,100261029,99256217,101261029,-1,"protein_coding","Blue","+"
"399","Mettl7a1","15",100304140,100328662,99304140,101328662,1,"protein_coding","Blue","+"
"400","Nt5c3b","11",100422321,100441808,99422321,101441808,-1,"protein_coding","Blue","+"
"401","Acly","11",100476353,100528000,99476353,101528000,-1,"protein_coding","Blue","+"
"402","Galnt6","15",100691813,100729376,99691813,101729376,-1,"protein_coding","Blue","+"
"403","Vtcn1","3",100825459,100896922,99825459,101896922,1,"protein_coding","Blue","+"
"404","Wnk4","11",101260567,101277409,100260567,102277409,1,"protein_coding","Blue","+"
"405","Coa3","11",101277968,101279114,100277968,102279114,-1,"protein_coding","Blue","+"
"406","Cntd1","11",101279012,101296317,100279012,102296317,1,"protein_coding","Blue","+"
"407","Becn1","11",101285952,101302286,100285952,102302286,-1,"protein_coding","Blue","+"
"408","Rundc1","11",101425085,101435673,100425085,102435673,1,"protein_coding","Blue","+"
"409","Rpl27","11",101442298,101445529,100442298,102445529,1,"protein_coding","Blue","+"
"410","Vat1","11",101458745,101466230,100458745,102466230,-1,"protein_coding","Blue","+"
"411","Rnd2","11",101464999,101471853,100464999,102471853,1,"protein_coding","Blue","+"
"412","Krt18","15",102028180,102032027,101028180,103032027,1,"protein_coding","Blue","+"
"413","Tns2","15",102100413,102116401,101100413,103116401,1,"protein_coding","Blue","+"
"414","Soat2","15",102150526,102163469,101150526,103163469,1,"protein_coding","Blue","+"
"415","Plekhm1","11",103364275,103412687,102364275,104412687,-1,"protein_coding","Blue","+"
"416","Gosr2","11",103676849,103697898,102676849,104697898,-1,"protein_coding","Blue","+"
"417","Arf2","11",103966739,103985337,102966739,104985337,1,"protein_coding","Blue","+"
"418","Smarcd2","11",106263179,106272972,105263179,107272972,-1,"protein_coding","Blue","+"
"419","Icam2","11",106377656,106388075,105377656,107388075,-1,"protein_coding","Blue","+"
"420","Bcl2","1",106538178,106714274,105538178,107714274,-1,"protein_coding","Blue","+"
"421","Pecam1","11",106654217,106750628,105654217,107750628,-1,"protein_coding","Blue","+"
"422","Milr1","11",106751226,106768794,105751226,107768794,1,"protein_coding","Blue","+"
"423","Serpinb5","1",106861173,106883348,105861173,107883348,1,"protein_coding","Blue","+"
"424","Pitpnc1","11",107207892,107470699,106207892,108470699,-1,"protein_coding","Blue","+"
"425","Ndc1","4",107367784,107416346,106367784,108416346,1,"protein_coding","Blue","+"
"426","Traip","9",107950136,107972270,106950136,108972270,1,"protein_coding","Blue","+"
"427","Gstm1","3",108012255,108017973,107012255,109017973,-1,"protein_coding","Blue","+"
"428","Fndc7","3",108853678,108890008,107853678,109890008,-1,"protein_coding","Blue","+"
"429","Plxnb1","9",109095389,109119917,108095389,110119917,1,"protein_coding","Blue","+"
"430","Cdc25a","9",109875579,109893895,108875579,110893895,1,"protein_coding","Blue","+"
"431","Abca8b","11",109932190,109995845,108932190,110995845,-1,"protein_coding","Blue","+"
"432","Abca8a","11",110025634,110095978,109025634,111095978,-1,"protein_coding","Blue","+"
"433","Plk2","13",110395046,110400844,109395046,111400844,1,"protein_coding","Blue","+"
"434","Vac14","8",110618585,110720398,109618585,111720398,1,"protein_coding","Blue","+"
"435","Ano3","2",110655201,110950923,109655201,111950923,-1,"protein_coding","Blue","+"
"436","Muc15","2",110721340,110739527,109721340,111739527,1,"protein_coding","Blue","+"
"437","Mtss2","8",110721476,110741400,109721476,111741400,1,"protein_coding","Blue","+"
"438","Pth1r","9",110722085,110747145,109722085,111747145,-1,"protein_coding","Blue","+"
"439","Il34","8",110741829,110805924,109741829,111805924,-1,"protein_coding","Blue","+"
"440","Ccrl2","9",111054486,111057519,110054486,112057519,-1,"protein_coding","Blue","+"
"441","Mvk","5",114444269,114460591,113444269,115460591,1,"protein_coding","Blue","+"
"442","Cd300a","11",114890041,114904654,113890041,115904654,1,"protein_coding","Blue","+"
"443","Slc16a5","11",115462474,115474398,114462474,116474398,1,"protein_coding","Blue","+"
"444","Galr2","11",116280939,116283938,115280939,117283938,1,"protein_coding","Blue","+"
"445","Sphk1","11",116530925,116536675,115530925,117536675,1,"protein_coding","Blue","+"
"446","Emb","13",117208536,117274415,116208536,118274415,1,"protein_coding","Blue","+"
"447","Lyz2","10",117277331,117282321,116277331,118282321,-1,"protein_coding","Blue","+"
"448","Tmc8","11",117782076,117793110,116782076,118793110,1,"protein_coding","Blue","+"
"449","Socs3","11",117966079,117970047,116966079,118970047,-1,"protein_coding","Blue","+"
"450","Cyth1","11",118132019,118248592,117132019,119248592,-1,"protein_coding","Blue","+"
"451","C1qtnf1","11",118428203,118449963,117428203,119449963,1,"protein_coding","Blue","+"
"452","Knstrn","2",118814003,118853957,117814003,119853957,1,"protein_coding","Blue","+"
"453","Lao1","4",118961578,118968912,117961578,119968912,1,"protein_coding","Blue","+"
"454","Zmynd12","4",119422814,119467444,118422814,120467444,1,"protein_coding","Blue","+"
"455","Nim1k","13",119710094,119755882,118710094,120755882,-1,"protein_coding","Blue","+"
"456","Mical3","6",120931707,121130999,119931707,122130999,-1,"protein_coding","Blue","+"
"457","Tlcd4","3",121201761,121283098,120201761,122283098,-1,"protein_coding","Blue","+"
"458","Piezo1","8",122481698,122551329,121481698,123551329,-1,"protein_coding","Blue","+"
"459","P2rx4","5",122707544,122729738,121707544,123729738,1,"protein_coding","Blue","+"
"460","Tmem120b","5",123068415,123117749,122068415,124117749,1,"protein_coding","Blue","+"
"461","Chmp1a","8",123204264,123212763,122204264,124212763,-1,"protein_coding","Blue","+"
"462","Zfp276","8",123254195,123269745,122254195,124269745,1,"protein_coding","Blue","+"
"463","Itgbl1","14",123659971,123975618,122659971,124975618,1,"protein_coding","Blue","+"
"464","Rilpl2","5",124463265,124478366,123463265,125478366,-1,"protein_coding","Blue","+"
"465","C1ra","6",124512405,124523443,123512405,125523443,1,"protein_coding","Blue","+"
"466","Gpr162","6",124858444,124863983,123858444,125863983,-1,"protein_coding","Blue","+"
"467","Lag3","6",124904361,124911705,123904361,125911705,-1,"protein_coding","Blue","+"
"468","Slc24a5","2",125068124,125088677,124068124,126088677,1,"protein_coding","Blue","+"
"469","Scarb1","5",125277087,125341094,124277087,126341094,-1,"protein_coding","Blue","+"
"470","Alpk1","3",127670310,127780527,126670310,128780527,-1,"protein_coding","Blue","+"
"471","Ap1ar","3",127807007,127837523,126807007,128837523,-1,"protein_coding","Blue","+"
"472","Zc3h6","2",128967402,129018563,127967402,130018563,1,"protein_coding","Blue","+"
"473","Slc20a1","2",129198764,129211616,128198764,130211616,1,"protein_coding","Blue","+"
"474","Zbtb8os","4",129335695,129354547,128335695,130354547,1,"protein_coding","Blue","+"
"475","Marcksl1","4",129513581,129515985,128513581,130515985,1,"protein_coding","Blue","+"
"476","Pla2g12a","3",129878606,129895825,128878606,130895825,1,"protein_coding","Blue","+"
"477","Fabp3","4",130308595,130315463,129308595,131315463,1,"protein_coding","Blue","+"
"478","Zcchc17","4",130315383,130359943,129315383,131359943,-1,"protein_coding","Blue","+"
"479","Pcna","2",132249162,132253314,131249162,133253314,-1,"protein_coding","Blue","+"
"480","Chil1","1",134182176,134190181,133182176,135190181,1,"protein_coding","Blue","+"
"481","Mybph","1",134193448,134201232,133193448,135201232,1,"protein_coding","Blue","+"
"482","Adora1","1",134199223,134235431,133199223,135235431,-1,"protein_coding","Blue","+"
"483","Kif14","1",136466343,136531511,135466343,137531511,1,"protein_coding","Blue","+"
"484","Plod3","5",136987019,136996648,135987019,137996648,1,"protein_coding","Blue","+"
"485","Pcolce","5",137605103,137613784,136605103,138613784,-1,"protein_coding","Blue","+"
"486","Pilra","5",137821952,137836281,136821952,138836281,-1,"protein_coding","Blue","+"
"487","H2az1","3",137864487,137866922,136864487,138866922,1,"protein_coding","Blue","+"
"488","Ptprc","1",138062861,138175708,137062861,139175708,-1,"protein_coding","Blue","+"
"489","Fam20c","5",138754514,138810077,137754514,139810077,1,"protein_coding","Blue","+"
"490","Ubr4","4",139352609,139489588,138352609,140489588,1,"protein_coding","Blue","+"
"491","Adam8","7",139978932,139992562,138978932,140992562,-1,"protein_coding","Blue","+"
"492","Padi2","4",140906344,140952586,139906344,141952586,1,"protein_coding","Blue","+"
"493","Epha2","4",141301240,141329384,140301240,142329384,1,"protein_coding","Blue","+"
"494","Chid1","7",141493136,141539857,140493136,142539857,-1,"protein_coding","Blue","+"
"495","Fblim1","4",141576062,141606096,140576062,142606096,-1,"protein_coding","Blue","+"
"496","Efhd2","4",141858142,141874920,140858142,142874920,-1,"protein_coding","Blue","+"
"497","Dusp8","7",142079490,142095843,141079490,143095843,-1,"protein_coding","Blue","+"
"498","Igf2","7",142650766,142666816,141650766,143666816,-1,"protein_coding","Blue","+"
"499","Trpm5","7",143069153,143094642,142069153,144094642,-1,"protein_coding","Blue","+"
"500","Tssc4","7",143069249,143071093,142069249,144071093,1,"protein_coding","Blue","+"
"501","Rin2","2",145675215,145887616,144675215,146887616,1,"protein_coding","Blue","+"
"502","Flt3","5",147330741,147400489,146330741,148400489,-1,"protein_coding","Blue","+"
"503","Alox5ap","5",149264767,149288153,148264767,150288153,1,"protein_coding","Blue","+"
"504","Pla2g4a","1",149829618,149961290,148829618,150961290,-1,"protein_coding","Blue","+"
"505","N4bp2l2","5",150608007,150666183,149608007,151666183,-1,"protein_coding","Blue","+"
"506","Ivns1abp","1",151344477,151364422,150344477,152364422,1,"protein_coding","Blue","+"
"507","Rgs16","1",153740349,153745468,152740349,154745468,1,"protein_coding","Blue","+"
"508","Teddm2","1",153849542,153900228,152849542,154900228,-1,"protein_coding","Blue","+"
"509","Glul","1",153899944,153909723,152899944,154909723,1,"protein_coding","Blue","+"
"510","Wrap73","4",154142372,154167420,153142372,155167420,1,"protein_coding","Blue","+"
"511","Qsox1","1",155776029,155812889,154776029,156812889,-1,"protein_coding","Blue","+"
"512","Mxra8","4",155839680,155844088,154839680,156844088,1,"protein_coding","Blue","+"
"513","Rprd1b","2",158028497,158132297,157028497,159132297,1,"protein_coding","Blue","+"
"514","Tgm2","2",158116402,158146436,157116402,159146436,-1,"protein_coding","Blue","+"
"515","Tox2","2",163203125,163324170,162203125,164324170,1,"protein_coding","Blue","+"
"516","Ttpal","2",163602314,163619013,162602314,164619013,1,"protein_coding","Blue","+"
"517","Serinc3","2",163623272,163645131,162623272,164645131,-1,"protein_coding","Blue","+"
"518","Wfdc12","2",164189231,164190608,163189231,165190608,-1,"protein_coding","Blue","+"
"519","Wfdc2","2",164562413,164568510,163562413,165568510,1,"protein_coding","Blue","+"
"520","Slc13a3","2",165405028,165473230,164405028,166473230,-1,"protein_coding","Blue","+"
"521","Cass4","2",172393794,172433757,171393794,173433757,1,"protein_coding","Blue","+"
"522","Angel2","1",190925112,190946962,189925112,191946962,1,"protein_coding","Blue","+"
"523","Kcnh1","1",192190774,192510159,191190774,193510159,1,"protein_coding","Blue","+"
"524","Hhat","1",192496711,192771223,191496711,193771223,-1,"protein_coding","Blue","+"
"525","Sfi1","11",3131850,3193463,2131850,4193463,-1,"protein_coding","Blue","-"
"526","Pik3ip1","11",3330401,3342971,2330401,4342971,1,"protein_coding","Blue","-"
"527","Cdk6","5",3341485,3531008,2341485,4531008,1,"protein_coding","Blue","-"
"528","Olah","2",3341982,3397210,2341982,4397210,-1,"protein_coding","Blue","-"
"529","Hepacam2","6",3457096,3498298,2457096,4498298,-1,"protein_coding","Blue","-"
"530","Fam107b","2",3570488,3782142,2570488,4782142,1,"protein_coding","Blue","-"
"531","Clec4g","8",3707064,3720651,2707064,4720651,-1,"protein_coding","Blue","-"
"532","Tcn2","11",3917192,3932159,2917192,4932159,-1,"protein_coding","Blue","-"
"533","Castor1","11",4218225,4222409,3218225,5222409,1,"protein_coding","Blue","-"
"534","Lif","11",4257557,4272514,3257557,5272514,1,"protein_coding","Blue","-"
"535","Akap12","10",4266380,4359470,3266380,5359470,1,"protein_coding","Blue","-"
"536","Pcx","19",4510472,4621752,3510472,5621752,1,"protein_coding","Blue","-"
"537","Rce1","19",4622591,4625641,3622591,5625641,-1,"protein_coding","Blue","-"
"538","Svil","18",4920540,5119299,3920540,6119299,1,"protein_coding","Blue","-"
"539","Rhbdd3","11",5098926,5106093,4098926,6106093,1,"protein_coding","Blue","-"
"540","Zfp583","7",6315660,6331285,5315660,7331285,-1,"protein_coding","Blue","-"
"541","Myo1g","11",6506548,6520965,5506548,7520965,-1,"protein_coding","Blue","-"
"542","Fyb","15",6522853,6663313,5522853,7663313,1,"protein_coding","Blue","-"
"543","Sytl3","17",6659093,6738044,5659093,7738044,1,"protein_coding","Blue","-"
"544","Peg3","7",6703892,6730431,5703892,7730431,-1,"protein_coding","Blue","-"
"545","Oprm1","10",6758506,7038198,5758506,8038198,1,"protein_coding","Blue","-"
"546","Lifr","15",7090614,7197489,6090614,8197489,1,"protein_coding","Blue","-"
"547","Tex47","5",7304119,7311491,6304119,8311491,1,"protein_coding","Blue","-"
"548","Tcp10a","17",7324646,7345974,6324646,8345974,1,"protein_coding","Blue","-"
"549","Mmp1b","9",7368239,7388047,6368239,8388047,-1,"protein_coding","Blue","-"
"550","Pcmt1","10",7629373,7681136,6629373,8681136,-1,"protein_coding","Blue","-"
"551","Zc3h12d","10",7832470,7870396,6832470,8870396,1,"protein_coding","Blue","-"
"552","Dnase1l3","14",7964533,7994573,6964533,8994573,-1,"protein_coding","Blue","-"
"553","Fgfr1op","17",8165501,8196804,7165501,9196804,1,"protein_coding","Blue","-"
"554","Kctd6","14",8214140,8223563,7214140,9223563,1,"protein_coding","Blue","-"
"555","Tns3","11",8431652,8664681,7431652,9664681,-1,"protein_coding","Blue","-"
"556","Gm17087","17",8565852,8566950,7565852,9566950,-1,"protein_coding","Blue","-"
"557","Chrm1","19",8663789,8683587,7663789,9683587,1,"protein_coding","Blue","-"
"558","Rrs1","1",9545408,9547455,8545408,10547455,1,"protein_coding","Blue","-"
"559","Sgk3","1",9798107,9900845,8798107,10900845,1,"protein_coding","Blue","-"
"560","Prlr","15",10177238,10349180,9177238,11349180,1,"protein_coding","Blue","-"
"561","Emp2","16",10281749,10313968,9281749,11313968,-1,"protein_coding","Blue","-"
"562","Nubp1","16",10411948,10424428,9411948,11424428,1,"protein_coding","Blue","-"
"563","Irs2","8",10984681,11008458,9984681,12008458,-1,"protein_coding","Blue","-"
"564","Pfkfb3","2",11471433,11554077,10471433,12554077,-1,"protein_coding","Blue","-"
"565","Il2ra","2",11642807,11693193,10642807,12693193,1,"protein_coding","Blue","-"
"566","Grb10","11",11930508,12038683,10930508,13038683,-1,"protein_coding","Blue","-"
"567","Igf2r","17",12682406,12769664,11682406,13769664,-1,"protein_coding","Blue","-"
"568","Ccdc82","9",13246955,13292520,12246955,14292520,1,"protein_coding","Blue","-"
"569","Adat2","10",13552894,13563376,12552894,14563376,1,"protein_coding","Blue","-"
"570","Lratd1","12",14146830,14152054,13146830,15152054,-1,"protein_coding","Blue","-"
"571","Slc4a7","14",14702279,14799940,13702279,15799940,1,"protein_coding","Blue","-"
"572","Car2","3",14886273,14900770,13886273,15900770,1,"protein_coding","Blue","-"
"573","Med17","9",15260351,15279931,14260351,16279931,-1,"protein_coding","Blue","-"
"574","4931406C07Rik","9",15283337,15306448,14283337,16306448,-1,"protein_coding","Blue","-"
"575","Terf1","1",15805646,15844052,14805646,16844052,1,"protein_coding","Blue","-"
"576","Spidr","16",15889224,16146851,14889224,17146851,-1,"protein_coding","Blue","-"
"577","Oxsm","14",16238652,16249808,15238652,17249808,-1,"protein_coding","Blue","-"
"578","Lpin1","12",16535669,16646966,15535669,17646966,-1,"protein_coding","Blue","-"
"579","Ptgir","7",16906490,16910905,15906490,17910905,1,"protein_coding","Blue","-"
"580","Hif3a","7",17031507,17062427,16031507,18062427,-1,"protein_coding","Blue","-"
"581","Cav1","6",17306335,17341452,16306335,18341452,1,"protein_coding","Blue","-"
"582","Cd36","5",17781690,17888801,16781690,18888801,-1,"protein_coding","Blue","-"
"583","Cttnbp2","6",18366478,18514843,17366478,19514843,-1,"protein_coding","Blue","-"
"584","Zfp558","9",18455575,18478268,17455575,19478268,-1,"protein_coding","Blue","-"
"585","Armc1","3",19131402,19163065,18131402,20163065,-1,"protein_coding","Blue","-"
"586","Rtraf","14",19811351,19823824,18811351,20823824,-1,"protein_coding","Blue","-"
"587","Fbxl12","9",20618118,20644767,19618118,21644767,-1,"protein_coding","Blue","-"
"588","Shfl","9",20868642,20874307,19868642,21874307,1,"protein_coding","Blue","-"
"589","Angptl6","9",20873808,20879727,19873808,21879727,-1,"protein_coding","Blue","-"
"590","Yipf2","9",21588682,21592828,20588682,22592828,-1,"protein_coding","Blue","-"
"591","Atp7b","8",21992785,22060305,20992785,23060305,-1,"protein_coding","Blue","-"
"592","Tbpl1","10",22703879,22731938,21703879,23731938,-1,"protein_coding","Blue","-"
"593","Commd1","11",22896136,22982382,21896136,23982382,-1,"protein_coding","Blue","-"
"594","Btn1a1","13",23456992,23465901,22456992,24465901,-1,"protein_coding","Blue","-"
"595","H2ac10","13",23533906,23534304,22533906,24534304,1,"protein_coding","Blue","-"
"596","Hfe","13",23702034,23710854,22702034,24710854,-1,"protein_coding","Blue","-"
"597","Prss30","17",23972126,23980566,22972126,24980566,-1,"protein_coding","Blue","-"
"598","Kcnn4","7",24370263,24386690,23370263,25386690,1,"protein_coding","Blue","-"
"599","Fam122a","19",24476502,24477356,23476502,25477356,-1,"protein_coding","Blue","-"
"600","Tsc2","17",24595816,24632630,23595816,25632630,-1,"protein_coding","Blue","-"
"601","Pde12","14",26659958,26669883,25659958,27669883,-1,"protein_coding","Blue","-"
"602","Adgra2","8",27085583,27123436,26085583,28123436,1,"protein_coding","Blue","-"
"603","Snrpa","7",27187005,27196271,26187005,28196271,-1,"protein_coding","Blue","-"
"604","BC024978","7",27195781,27210186,26195781,28210186,1,"protein_coding","Blue","-"
"605","AI413582","17",27563573,27565756,26563573,28565756,-1,"protein_coding","Blue","-"
"606","Otulinl","15",27655069,27681579,26655069,28681579,-1,"protein_coding","Blue","-"
"607","Fkbp5","17",28399094,28517527,27399094,29517527,-1,"protein_coding","Blue","-"
"608","Tspan33","6",29694222,29718559,28694222,30718559,1,"protein_coding","Blue","-"
"609","Cacna1d","14",30039939,30491455,29039939,31491455,-1,"protein_coding","Blue","-"
"610","Thap8","7",30280094,30290237,29280094,31290237,1,"protein_coding","Blue","-"
"611","Atp13a3","16",30312423,30405975,29312423,31405975,-1,"protein_coding","Blue","-"
"612","Hcst","7",30417712,30419854,29417712,31419854,-1,"protein_coding","Blue","-"
"613","Tkt","14",30548359,30574720,29548359,31574720,1,"protein_coding","Blue","-"
"614","Cd22","7",30865402,30880342,29865402,31880342,-1,"protein_coding","Blue","-"
"615","Fam187b","7",30973790,30989726,29973790,31989726,1,"protein_coding","Blue","-"
"616","Ppp1r2","16",31251537,31275277,30251537,32275277,-1,"protein_coding","Blue","-"
"617","Stc2","11",31357307,31370074,30357307,32370074,-1,"protein_coding","Blue","-"
"618","A530084C06Rik","13",31556134,31559333,30556134,32559333,-1,"protein_coding","Blue","-"
"619","Foxq1","13",31556134,31560976,30556134,32560976,1,"protein_coding","Blue","-"
"620","Gpr17","18",31942997,31949636,30942997,32949636,-1,"protein_coding","Blue","-"
"621","Golga2","2",32287384,32307921,31287384,33307921,1,"protein_coding","Blue","-"
"622","Lcn2","2",32384633,32388252,31384633,33388252,-1,"protein_coding","Blue","-"
"623","Tm4sf19","16",32400506,32408227,31400506,33408227,1,"protein_coding","Blue","-"
"624","Mrpl47","3",32725397,32737605,31725397,33737605,-1,"protein_coding","Blue","-"
"625","Muc20","16",32777419,32797435,31777419,33797435,-1,"protein_coding","Blue","-"
"626","Camk4","18",32934931,33191228,31934931,34191228,1,"protein_coding","Blue","-"
"627","Lrrc18","14",32991382,33015291,31991382,34015291,1,"protein_coding","Blue","-"
"628","Iqcg","16",33012683,33056218,32012683,34056218,-1,"protein_coding","Blue","-"
"629","Stard4","18",33199355,33213862,32199355,34213862,-1,"protein_coding","Blue","-"
"630","Kcnmb1","11",33963013,33973641,32963013,34973641,1,"protein_coding","Blue","-"
"631","4930469K13Rik","11",33973961,34098554,32973961,35098554,-1,"protein_coding","Blue","-"
"632","Lcp2","11",34046920,34092295,33046920,35092295,1,"protein_coding","Blue","-"
"633","Tubb2b","13",34126748,34130466,33126748,35130466,-1,"protein_coding","Blue","-"
"634","Lipa","19",34492318,34527474,33492318,35527474,-1,"protein_coding","Blue","-"
"635","Ifit2","19",34550694,34576419,33550694,35576419,1,"protein_coding","Blue","-"
"636","Cdc23","18",34630951,34651735,33630951,35651735,-1,"protein_coding","Blue","-"
"637","Gm3550","18",34736359,34738014,33736359,35738014,1,"protein_coding","Blue","-"
"638","Cyren","6",34871771,34878060,33871771,35878060,-1,"protein_coding","Blue","-"
"639","Kif20b","19",34922361,34975745,33922361,35975745,1,"protein_coding","Blue","-"
"640","Mzb1","18",35647267,35649367,34647267,36649367,-1,"protein_coding","Blue","-"
"641","Pank3","11",35769484,35791285,34769484,36791285,1,"protein_coding","Blue","-"
"642","Tubb5","17",35833921,35838306,34833921,36838306,-1,"protein_coding","Blue","-"
"643","Atat1","17",35897595,35910075,34897595,36910075,-1,"protein_coding","Blue","-"
"644","Agr2","12",35992907,36004087,34992907,37004087,1,"protein_coding","Blue","-"
"645","Tspan13","12",36014557,36042500,35014557,37042500,-1,"protein_coding","Blue","-"
"646","Lhx6","2",36081953,36105408,35081953,37105408,-1,"protein_coding","Blue","-"
"647","Cnnm3","1",36511867,36528237,35511867,37528237,1,"protein_coding","Blue","-"
"648","Exosc9","3",36552606,36565727,35552606,37565727,1,"protein_coding","Blue","-"
"649","Cd86","16",36603869,36666081,35603869,37666081,-1,"protein_coding","Blue","-"
"650","Actr1b","1",36698114,36714422,35698114,37714422,-1,"protein_coding","Blue","-"
"651","Ptn","6",36714929,36810220,35714929,37810220,-1,"protein_coding","Blue","-"
"652","Dgki","6",36846022,37300184,35846022,38300184,-1,"protein_coding","Blue","-"
"653","Hcls1","16",36934983,36963212,35934983,37963212,1,"protein_coding","Blue","-"
"654","Ly86","13",37345208,37419036,36345208,38419036,1,"protein_coding","Blue","-"
"655","Nudt6","3",37404910,37420211,36404910,38420211,-1,"protein_coding","Blue","-"
"656","Olfr109","17",37458916,37471590,36458916,38471590,1,"protein_coding","Blue","-"
"657","Olfr112","17",37561668,37569451,36561668,38569451,-1,"protein_coding","Blue","-"
"658","Hells","19",38930915,38971051,37930915,39971051,1,"protein_coding","Blue","-"
"659","Zfp619","7",39517766,39540420,38517766,40540420,1,"protein_coding","Blue","-"
"660","Lrp12","15",39870589,39943994,38870589,40943994,-1,"protein_coding","Blue","-"
"661","Zdhhc2","8",40423815,40510268,39423815,41510268,1,"protein_coding","Blue","-"
"662","Vps37a","8",40511783,40550757,39511783,41550757,1,"protein_coding","Blue","-"
"663","Aldh18a1","19",40550257,40588463,39550257,41588463,-1,"protein_coding","Blue","-"
"664","Smu1","4",40736542,40757923,39736542,41757923,-1,"protein_coding","Blue","-"
"665","Ccng1","11",40748552,40755311,39748552,41755311,-1,"protein_coding","Blue","-"
"666","Enho","4",41638144,41640324,40638144,42640324,-1,"protein_coding","Blue","-"
"667","Sorl1","9",41964720,42124297,40964720,43124297,-1,"protein_coding","Blue","-"
"668","Zyx","6",42349630,42360213,41349630,43360213,1,"protein_coding","Blue","-"
"669","Epha1","6",42358487,42373268,41358487,43373268,-1,"protein_coding","Blue","-"
"670","Loxl4","19",42593982,42612813,41593982,43612813,-1,"protein_coding","Blue","-"
"671","Cd72","4",43446462,43454628,42446462,44454628,-1,"protein_coding","Blue","-"
"672","Got1","19",43499752,43524605,42499752,44524605,-1,"protein_coding","Blue","-"
"673","Pla2g7","17",43568098,43612201,42568098,44612201,1,"protein_coding","Blue","-"
"674","Ceacam18","7",43634707,43649295,42634707,44649295,1,"protein_coding","Blue","-"
"675","Klk10","7",43781035,43785410,42781035,44785410,1,"protein_coding","Blue","-"
"676","Fuz","7",44896079,44902631,43896079,45902631,1,"protein_coding","Blue","-"
"677","Rras","7",45017961,45021647,44017961,46021647,1,"protein_coding","Blue","-"
"678","Fcgrt","7",45092990,45103851,44092990,46103851,-1,"protein_coding","Blue","-"
"679","Gpr137c","14",45219717,45282725,44219717,46282725,1,"protein_coding","Blue","-"
"680","Cd200","16",45382135,45409053,44382135,46409053,-1,"protein_coding","Blue","-"
"681","Gm609","16",45411768,45492969,44411768,46492969,-1,"protein_coding","Blue","-"
"682","Ftl1","7",45457944,45459884,44457944,46459884,-1,"protein_coding","Blue","-"
"683","Tcte1","17",45523434,45542680,44523434,46542680,1,"protein_coding","Blue","-"
"684","Pprc1","19",46044886,46072915,45044886,47072915,1,"protein_coding","Blue","-"
"685","Tstd2","4",46114746,46138694,45114746,47138694,-1,"protein_coding","Blue","-"
"686","Fndc9","11",46235531,46239872,45235531,47239872,1,"protein_coding","Blue","-"
"687","Psd","19",46312087,46327156,45312087,47327156,-1,"protein_coding","Blue","-"
"688","Primpol","8",46575594,46617212,45575594,47617212,-1,"protein_coding","Blue","-"
"689","Sh3pxd2a","19",47260174,47464401,46260174,48464401,-1,"protein_coding","Blue","-"
"690","Nfya","17",48386885,48409906,47386885,49409906,-1,"protein_coding","Blue","-"
"691","Zbtb16","9",48654297,48836222,47654297,49836222,-1,"protein_coding","Blue","-"
"692","Ninj1","13",49187485,49196244,48187485,50196244,1,"protein_coding","Blue","-"
"693","Ippk","13",49421249,49464573,48421249,50464573,1,"protein_coding","Blue","-"
"694","Mocs1","17",49428362,49455435,48428362,50455435,1,"protein_coding","Blue","-"
"695","Gm49339","10",51480612,51496613,50480612,52496613,1,"protein_coding","Blue","-"
"696","Phykpl","11",51584757,51604489,50584757,52604489,1,"protein_coding","Blue","-"
"697","Rmnd5b","11",51623671,51635896,50623671,52635896,-1,"protein_coding","Blue","-"
"698","Gadd45g","13",51846678,51848468,50846678,52848468,1,"protein_coding","Blue","-"
"699","Lhfp","3",53041528,53261679,52041528,54261679,1,"protein_coding","Blue","-"
"700","Add3","19",53140443,53247399,52140443,54247399,1,"protein_coding","Blue","-"
"701","Fam122b","X",53243415,53269805,52243415,54269805,-1,"protein_coding","Blue","-"
"702","Uqcrq","11",53427922,53430831,52427922,54430831,-1,"protein_coding","Blue","-"
"703","Dusp5","19",53529109,53542431,52529109,54542431,1,"protein_coding","Blue","-"
"704","Wdr61","9",54714735,54734519,53714735,55734519,-1,"protein_coding","Blue","-"
"705","Gpx3","11",54902453,54910377,53902453,55910377,1,"protein_coding","Blue","-"
"706","Tnip1","11",54910785,54962917,53910785,55962917,-1,"protein_coding","Blue","-"
"707","Nrg4","9",55220222,55326844,54220222,56326844,-1,"protein_coding","Blue","-"
"708","Prorp","12",55299577,55382533,54299577,56382533,1,"protein_coding","Blue","-"
"709","Sparc","11",55394500,55423183,54394500,56423183,-1,"protein_coding","Blue","-"
"710","Klf4","4",55527143,55532466,54527143,56532466,-1,"protein_coding","Blue","-"
"711","Mtbp","15",55557408,55626423,54557408,56626423,1,"protein_coding","Blue","-"
"712","Zfp119b","17",55938381,55949500,54938381,56949500,-1,"protein_coding","Blue","-"
"713","Ebi3","17",55952640,55957022,54952640,56957022,1,"protein_coding","Blue","-"
"714","Chaf1a","17",56040439,56072289,55040439,57072289,1,"protein_coding","Blue","-"
"715","Ubxn6","17",56067045,56075028,55067045,57075028,-1,"protein_coding","Blue","-"
"716","Ints6l","X",56454857,56507843,55454857,57507843,1,"protein_coding","Blue","-"
"717","Safb","17",56584825,56606294,55584825,57606294,1,"protein_coding","Blue","-"
"718","Slc25a21","12",56712634,57197472,55712634,58197472,-1,"protein_coding","Blue","-"
"719","Ccdc186","19",56787481,56822190,55787481,57822190,-1,"protein_coding","Blue","-"
"720","Adgre1","17",57358691,57483527,56358691,58483527,1,"protein_coding","Blue","-"
"721","Herc6","6",57581000,57664632,56581000,58664632,1,"protein_coding","Blue","-"
"722","Slc12a2","18",57878678,57946821,56878678,58946821,1,"protein_coding","Blue","-"
"723","Cytip","2",58129137,58195532,57129137,59195532,-1,"protein_coding","Blue","-"
"724","Zfp672","11",58315114,58330339,57315114,59330339,-1,"protein_coding","Blue","-"
"725","Lpar1","4",58435255,58553898,57435255,59553898,-1,"protein_coding","Blue","-"
"726","St3gal6","16",58468125,58524243,57468125,59524243,-1,"protein_coding","Blue","-"
"727","Mtss1","15",58941234,59082005,57941234,60082005,-1,"protein_coding","Blue","-"
"728","Nlrp3","11",59541568,59566956,58541568,60566956,1,"protein_coding","Blue","-"
"729","Nupl1","14",60184612,60251431,59184612,61251431,-1,"protein_coding","Blue","-"
"730","Epn2","11",61517249,61579687,60517249,62579687,-1,"protein_coding","Blue","-"
"731","Paqr5","9",61953481,62026856,60953481,63026856,-1,"protein_coding","Blue","-"
"732","Ctsb","14",63122462,63145923,62122462,64145923,1,"protein_coding","Blue","-"
"733","Otud7a","7",63444751,63759028,62444751,64759028,1,"protein_coding","Blue","-"
"734","Klf13","7",63886351,63938915,62886351,64938915,-1,"protein_coding","Blue","-"
"735","Fam49b","15",63929097,64060478,62929097,65060478,-1,"protein_coding","Blue","-"
"736","Lias","5",65391497,65410693,64391497,66410693,1,"protein_coding","Blue","-"
"737","Pds5a","5",65605721,65698273,64605721,66698273,-1,"protein_coding","Blue","-"
"738","Ptprm","17",66666947,67354457,65666947,68354457,-1,"protein_coding","Blue","-"
"739","Gng12","6",66896397,67021350,65896397,68021350,1,"protein_coding","Blue","-"
"740","Lactb","9",66955388,66975484,65955388,67975484,-1,"protein_coding","Blue","-"
"741","Tpm1","9",67022590,67049406,66022590,68049406,-1,"protein_coding","Blue","-"
"742","Erbb4","1",68032186,69108059,67032186,70108059,-1,"protein_coding","Blue","-"
"743","4933409G03Rik","2",68582413,68616463,67582413,69616463,1,"protein_coding","Blue","-"
"744","Khdrbs3","15",68928420,69101211,67928420,70101211,1,"protein_coding","Blue","-"
"745","Spc25","2",69193895,69206194,68193895,70206194,-1,"protein_coding","Blue","-"
"746","Rnf227","11",69340461,69342641,68340461,70342641,1,"protein_coding","Blue","-"
"747","Dlgap1","17",69969073,70821413,68969073,71821413,1,"protein_coding","Blue","-"
"748","Rab27b","18",69979131,70141605,68979131,71141605,-1,"protein_coding","Blue","-"
"749","Phf23","11",69995777,70000009,68995777,71000009,1,"protein_coding","Blue","-"
"750","Acadvl","11",70010183,70015411,69010183,71015411,-1,"protein_coding","Blue","-"
"751","Dlg4","11",70016942,70047522,69016942,71047522,1,"protein_coding","Blue","-"
"752","Zmynd15","11",70459433,70466202,69459433,71466202,1,"protein_coding","Blue","-"
"753","Bmp1","14",70474558,70520234,69474558,71520234,-1,"protein_coding","Blue","-"
"754","Lrrc25","8",70616155,70621483,69616155,71621483,1,"protein_coding","Blue","-"
"755","Rnf167","11",70647235,70651421,69647235,71651421,1,"protein_coding","Blue","-"
"756","Tgif1","17",70844205,70853546,69844205,71853546,-1,"protein_coding","Blue","-"
"757","Slc5a5","8",70882889,70892757,69882889,71892757,-1,"protein_coding","Blue","-"
"758","Rpl18a","8",70894722,70897412,69894722,71897412,-1,"protein_coding","Blue","-"
"759","Mettl8","2",70964561,71055583,69964561,72055583,-1,"protein_coding","Blue","-"
"760","Emilin2","17",71252172,71311978,70252172,72311978,-1,"protein_coding","Blue","-"
"761","Cd8a","6",71373427,71379173,70373427,72379173,1,"protein_coding","Blue","-"
"762","Vma21","X",71815924,71839757,70815924,72839757,1,"protein_coding","Blue","-"
"763","Zfp961","8",71951038,71993792,70951038,72993792,1,"protein_coding","Blue","-"
"764","Corin","5",72300025,72504473,71300025,73504473,-1,"protein_coding","Blue","-"
"765","Ggcx","6",72414308,72430712,71414308,73430712,1,"protein_coding","Blue","-"
"766","Cetn2","X",72913532,72918411,71913532,73918411,-1,"protein_coding","Blue","-"
"767","Lbh","17",72918305,72941947,71918305,73941947,1,"protein_coding","Blue","-"
"768","Prkch","12",73584796,73778185,72584796,74778185,1,"protein_coding","Blue","-"
"769","Brd9","13",73937811,73960895,72937811,74960895,1,"protein_coding","Blue","-"
"770","Ttll4","1",74661745,74703730,73661745,75703730,1,"protein_coding","Blue","-"
"771","Pdgfra","5",75152292,75198215,74152292,76198215,1,"protein_coding","Blue","-"
"772","Rasd2","8",75213944,75224113,74213944,76224113,1,"protein_coding","Blue","-"
"773","Agps","2",75832177,75931350,74832177,76931350,1,"protein_coding","Blue","-"
"774","Ttc30b","2",75935849,75938585,74935849,76938585,-1,"protein_coding","Blue","-"
"775","Gpr150","13",76054851,76056996,75054851,77056996,-1,"protein_coding","Blue","-"
"776","Nrip1","16",76287400,76373827,75287400,77373827,-1,"protein_coding","Blue","-"
"777","Polr2b","5",77310147,77349324,76310147,78349324,1,"protein_coding","Blue","-"
"778","Igfbp7","5",77349240,77408041,76349240,78408041,-1,"protein_coding","Blue","-"
"779","Ankrd13b","11",77470485,77489678,76470485,78489678,-1,"protein_coding","Blue","-"
"780","Gm11146","16",77588578,77602094,76588578,78602094,-1,"protein_coding","Blue","-"
"781","Gclc","9",77754535,77794485,76754535,78794485,1,"protein_coding","Blue","-"
"782","Elovl5","9",77917364,77984519,76917364,78984519,1,"protein_coding","Blue","-"
"783","Pfkl","10",77986947,78010083,76986947,79010083,-1,"protein_coding","Blue","-"
"784","Aldoc","11",78322968,78327781,77322968,79327781,1,"protein_coding","Blue","-"
"785","Vit","17",78508064,78627408,77508064,79627408,1,"protein_coding","Blue","-"
"786","D16Ertd472e","16",78540338,78576708,77540338,79576708,-1,"protein_coding","Blue","-"
"787","Det1","7",78821547,78847263,77821547,79847263,-1,"protein_coding","Blue","-"
"788","Plekhh1","12",79029163,79081655,78029163,80081655,1,"protein_coding","Blue","-"
"789","Cerkl","2",79330543,79456785,78330543,80456785,-1,"protein_coding","Blue","-"
"790","Ppp1r1c","2",79707780,79818496,78707780,80818496,1,"protein_coding","Blue","-"
"791","Filip1","9",79805094,80012851,78805094,81012851,-1,"protein_coding","Blue","-"
"792","Arid3a","10",79927043,79955018,78927043,80955018,1,"protein_coding","Blue","-"
"793","Stk11","10",80115803,80130682,79115803,81130682,1,"protein_coding","Blue","-"
"794","Galm","17",80127471,80185101,79127471,81185101,1,"protein_coding","Blue","-"
"795","Cbarp","10",80130451,80140835,79130451,81140835,-1,"protein_coding","Blue","-"
"796","Arhgef33","17",80307407,80400081,79307407,81400081,1,"protein_coding","Blue","-"
"797","Nfatc1","18",80606205,80713071,79606205,81713071,-1,"protein_coding","Blue","-"
"798","Smarca5","8",80698507,80739497,79698507,81739497,-1,"protein_coding","Blue","-"
"799","Plekhj1","10",80796099,80798626,79796099,81798626,-1,"protein_coding","Blue","-"
"800","Pdgfc","3",81036416,81214040,80036416,82214040,1,"protein_coding","Blue","-"
"801","Homer2","7",81600481,81707527,80600481,82707527,-1,"protein_coding","Blue","-"
"802","Irs1","1",82233101,82291416,81233101,83291416,-1,"protein_coding","Blue","-"
"803","Gm9747","1",82233112,82235933,81233112,83235933,1,"protein_coding","Blue","-"
"804","Tacr1","6",82402334,82560104,81402334,83560104,1,"protein_coding","Blue","-"
"805","Mex3b","7",82867333,82871515,81867333,83871515,1,"protein_coding","Blue","-"
"806","Rrp7a","15",83113433,83122801,82113433,84122801,-1,"protein_coding","Blue","-"
"807","Parvg","15",84324026,84342978,83324026,85342978,1,"protein_coding","Blue","-"
"808","Fos","12",85473890,85477273,84473890,86477273,1,"protein_coding","Blue","-"
"809","Gatb","3",85574119,85655622,84574119,86655622,1,"protein_coding","Blue","-"
"810","Fam160a1","3",85660061,85817291,84660061,86817291,-1,"protein_coding","Blue","-"
"811","Erg28","12",85815448,85824550,84815448,86824550,-1,"protein_coding","Blue","-"
"812","Sh3d19","3",85971109,86130526,84971109,87130526,1,"protein_coding","Blue","-"
"813","Prss48","3",85993810,86002491,84993810,87002491,-1,"protein_coding","Blue","-"
"814","Syn3","10",86055125,86498896,85055125,87498896,-1,"protein_coding","Blue","-"
"815","Esrrb","12",86361117,86521628,85361117,87521628,1,"protein_coding","Blue","-"
"816","C87436","6",86438374,86473500,85438374,87473500,1,"protein_coding","Blue","-"
"817","Rwdd2a","9",86571991,86574899,85571991,87574899,1,"protein_coding","Blue","-"
"818","Plin2","4",86648386,86670060,85648386,87670060,-1,"protein_coding","Blue","-"
"819","Fcrls","3",87250758,87263738,86250758,88263738,-1,"protein_coding","Blue","-"
"820","Rad51c","11",87376645,87404954,86376645,88404954,-1,"protein_coding","Blue","-"
"821","Fcrl5","3",87435773,87500678,86435773,88500678,1,"protein_coding","Blue","-"
"822","Bach1","16",87698945,87733346,86698945,88733346,1,"protein_coding","Blue","-"
"823","Rab43","6",87788853,87812164,86788853,88812164,-1,"protein_coding","Blue","-"
"824","Focad","4",88094629,88411011,87094629,89411011,1,"protein_coding","Blue","-"
"825","Sema4a","3",88435959,88461182,87435959,89461182,-1,"protein_coding","Blue","-"
"826","Snx20","8",88626563,88636128,87626563,89636128,-1,"protein_coding","Blue","-"
"827","Nrxn3","12",88722876,90334935,87722876,91334935,1,"protein_coding","Blue","-"
"828","Gm13283","4",88760119,88761581,87760119,89761581,1,"protein_coding","Blue","-"
"829","Mtx1","3",89209081,89227088,88209081,90227088,-1,"protein_coding","Blue","-"
"830","Trim46","3",89234177,89246309,88234177,90246309,-1,"protein_coding","Blue","-"
"831","Dcst1","3",89350219,89365253,88350219,90365253,-1,"protein_coding","Blue","-"
"832","Hlf","11",90336536,90390895,89336536,91390895,-1,"protein_coding","Blue","-"
"833","Rassf6","5",90603076,90640657,89603076,91640657,-1,"protein_coding","Blue","-"
"834","Col6a3","1",90765923,90843971,89765923,91843971,-1,"protein_coding","Blue","-"
"835","Mlph","1",90915085,90951142,89915085,91951142,1,"protein_coding","Blue","-"
"836","Kif21a","15",90933276,91049948,89933276,92049948,-1,"protein_coding","Blue","-"
"837","4932438H23Rik","16",91053935,91095122,90053935,92095122,-1,"protein_coding","Blue","-"
"838","1110051M20Rik","2",91275068,91444704,90275068,92444704,-1,"protein_coding","Blue","-"
"839","Klhl30","1",91351016,91362416,90351016,92362416,1,"protein_coding","Blue","-"
"840","Dhfr","13",92354726,92389053,91354726,93389053,1,"protein_coding","Blue","-"
"841","Runx1","16",92601466,92826149,91601466,93826149,-1,"protein_coding","Blue","-"
"842","Prcp","7",92874470,92934583,91874470,93934583,1,"protein_coding","Blue","-"
"843","Elk3","10",93247414,93311135,92247414,94311135,-1,"protein_coding","Blue","-"
"844","Ankrd40","11",94328001,94341841,93328001,95341841,1,"protein_coding","Blue","-"
"845","Abcc3","11",94343295,94392997,93343295,95392997,-1,"protein_coding","Blue","-"
"846","Fam90a1b","X",94355053,94366777,93355053,95366777,-1,"protein_coding","Blue","-"
"847","Eme1","11",94644996,94653964,93644996,95653964,-1,"protein_coding","Blue","-"
"848","Kcnj15","16",95257558,95300260,94257558,96300260,1,"protein_coding","Blue","-"
"849","St8sia4","1",95587682,95667571,94587682,96667571,-1,"protein_coding","Blue","-"
"850","Iqgap2","13",95627174,95892483,94627174,96892483,-1,"protein_coding","Blue","-"
"851","F2rl2","13",95696853,95702739,94696853,96702739,1,"protein_coding","Blue","-"
"852","Tenm4","7",96171246,96911093,95171246,97911093,1,"protein_coding","Blue","-"
"853","Dscam","16",96590840,97170752,95590840,98170752,-1,"protein_coding","Blue","-"
"854","Thrsp","7",97412938,97417730,96412938,98417730,-1,"protein_coding","Blue","-"
"855","Tmprss2","16",97564682,97611195,96564682,98611195,-1,"protein_coding","Blue","-"
"856","Ppip5k2","1",97706048,97770411,96706048,98770411,-1,"protein_coding","Blue","-"
"857","Acer3","7",98206389,98321208,97206389,99321208,-1,"protein_coding","Blue","-"
"858","Bmp3","5",98854415,98884396,97854415,99884396,1,"protein_coding","Blue","-"
"859","Mras","9",99385420,99437381,98385420,100437381,-1,"protein_coding","Blue","-"
"860","Map1b","13",99421446,99516540,98421446,100516540,-1,"protein_coding","Blue","-"
"861","Aqp2","15",99579055,99584547,98579055,100584547,1,"protein_coding","Blue","-"
"862","Aqp5","15",99590782,99594829,98590782,100594829,1,"protein_coding","Blue","-"
"863","Slco2b1","7",99657804,99711340,98657804,100711340,-1,"protein_coding","Blue","-"
"864","Naip2","13",100144063,100202092,99144063,101202092,-1,"protein_coding","Blue","-"
"865","Naip5","13",100211739,100246323,99211739,101246323,-1,"protein_coding","Blue","-"
"866","Rps6ka5","12",100548439,100726983,99548439,101726983,-1,"protein_coding","Blue","-"
"867","Slc35g2","9",100552188,100571090,99552188,101571090,-1,"protein_coding","Blue","-"
"868","Pdzd11","X",100622883,100626568,99622883,101626568,-1,"protein_coding","Blue","-"
"869","Folr1","7",101858331,101870788,100858331,102870788,-1,"protein_coding","Blue","-"
"870","Tomt","7",101898370,101906359,100898370,102906359,-1,"protein_coding","Blue","-"
"871","Pde4b","4",102087543,102607259,101087543,103607259,1,"protein_coding","Blue","-"
"872","Stim1","7",102267806,102437319,101267806,103437319,1,"protein_coding","Blue","-"
"873","Olfr543","7",102476579,102481679,101476579,103481679,-1,"protein_coding","Blue","-"
"874","Cd180","13",102693558,102739629,101693558,103739629,1,"protein_coding","Blue","-"
"875","Tshb","3",102775465,102782718,101775465,103782718,-1,"protein_coding","Blue","-"
"876","Mapk10","5",102907948,103211334,101907948,104211334,-1,"protein_coding","Blue","-"
"877","Slco2a1","9",102988712,103096002,101988712,104096002,1,"protein_coding","Blue","-"
"878","Trf","9",103204001,103230444,102204001,104230444,-1,"protein_coding","Blue","-"
"879","Elf5","2",103411688,103450989,102411688,104450989,1,"protein_coding","Blue","-"
"880","Bfsp2","9",103424924,103480420,102424924,104480420,-1,"protein_coding","Blue","-"
"881","Ppp1r1a","15",103530279,103538003,102530279,104538003,-1,"protein_coding","Blue","-"
"882","Glycam1","15",103562759,103565081,102562759,104565081,-1,"protein_coding","Blue","-"
"883","Dclre1b","3",103800605,103809444,102800605,104809444,-1,"protein_coding","Blue","-"
"884","Ednrb","14",103814625,103844402,102814625,104844402,-1,"protein_coding","Blue","-"
"885","Spp1","5",104435118,104441050,103435118,105441050,1,"protein_coding","Blue","-"
"886","Prkaa2","4",105029874,105109890,104029874,106109890,-1,"protein_coding","Blue","-"
"887","Rnf180","13",105130001,105294815,104130001,106294815,-1,"protein_coding","Blue","-"
"888","D230025D16Rik","8",105225145,105253053,104225145,106253053,1,"protein_coding","Blue","-"
"889","Nol3","8",105276140,105281939,104276140,106281939,1,"protein_coding","Blue","-"
"890","Hsd11b2","8",105518755,105523988,104518755,106523988,1,"protein_coding","Blue","-"
"891","Dpep2","8",105984944,105991759,104984944,106991759,-1,"protein_coding","Blue","-"
"892","Ddx28","8",106009621,106011882,105009621,107011882,-1,"protein_coding","Blue","-"
"893","Chia1","3",106113229,106132120,105113229,107132120,1,"protein_coding","Blue","-"
"894","Tlr13","X",106143204,106160493,105143204,107160493,1,"protein_coding","Blue","-"
"895","Rrp9","9",106475963,106485424,105475963,107485424,1,"protein_coding","Blue","-"
"896","Cdc7","5",106964322,106984432,105964322,107984432,1,"protein_coding","Blue","-"
"897","Kcna3","3",107036169,107038070,106036169,108038070,1,"protein_coding","Blue","-"
"898","Tgfbr3","5",107106570,107289629,106106570,108289629,-1,"protein_coding","Blue","-"
"899","P2ry10b","X",107148927,107173661,106148927,108173661,1,"protein_coding","Blue","-"
"900","A630076J17Rik","3",107230614,107234723,106230614,108234723,1,"protein_coding","Blue","-"
"901","Rbm15","3",107325421,107333673,106325421,108333673,-1,"protein_coding","Blue","-"
"902","Rpl5","5",107900502,107909005,106900502,108909005,1,"protein_coding","Blue","-"
"903","Degs2","12",108678711,108702315,107678711,109702315,-1,"protein_coding","Blue","-"
"904","Txnl4b","8",109565892,109574051,108565892,110574051,1,"protein_coding","Blue","-"
"905","Cog4","8",110846600,110882227,109846600,111882227,1,"protein_coding","Blue","-"
"906","Ctr9","7",111028951,111056377,110028951,112056377,1,"protein_coding","Blue","-"
"907","Galnt18","7",111471661,111779977,110471661,112779977,-1,"protein_coding","Blue","-"
"908","Oxtr","6",112473683,112489943,111473683,113489943,-1,"protein_coding","Blue","-"
"909","Pld4","12",112760655,112768990,111760655,113768990,1,"protein_coding","Blue","-"
"910","Ahnak2","12",112772194,112802657,111772194,113802657,-1,"protein_coding","Blue","-"
"911","Sox9","11",112782224,112787760,111782224,113787760,1,"protein_coding","Blue","-"
"912","Thumpd3","6",113046225,113068273,112046225,114068273,1,"protein_coding","Blue","-"
"913","Prrt3","6",113493639,113501931,112493639,114501931,-1,"protein_coding","Blue","-"
"914","Atp2b2","6",113743831,114042613,112743831,115042613,-1,"protein_coding","Blue","-"
"915","Spon1","7",113765998,114043370,112765998,115043370,1,"protein_coding","Blue","-"
"916","Calca","7",114631478,114636357,113631478,115636357,-1,"protein_coding","Blue","-"
"917","Atg7","6",114643097,114860614,113643097,115860614,1,"protein_coding","Blue","-"
"918","Cmtm7","9",114756836,114781856,113756836,115781856,-1,"protein_coding","Blue","-"
"919","Syn2","6",115134902,115282006,114134902,116282006,1,"protein_coding","Blue","-"
"920","Timp4","6",115241892,115252205,114241892,116252205,-1,"protein_coding","Blue","-"
"921","S1pr1","3",115710433,115715072,114710433,116715072,-1,"protein_coding","Blue","-"
"922","Rbms3","9",116572746,117872681,115572746,118872681,-1,"protein_coding","Blue","-"
"923","Trmt13","3",116581093,116614587,115581093,117614587,-1,"protein_coding","Blue","-"
"924","Rassf4","6",116633008,116673952,115633008,117673952,-1,"protein_coding","Blue","-"
"925","Depp1","6",116650609,116652794,115650609,117652794,1,"protein_coding","Blue","-"
"926","Palmd","3",116918258,116968987,115918258,117968987,-1,"protein_coding","Blue","-"
"927","Gpc6","14",116925315,117976544,115925315,118976544,1,"protein_coding","Blue","-"
"928","Cxcl12","6",117168535,117181367,116168535,118181367,1,"protein_coding","Blue","-"
"929","Rapgef5","12",117516479,117759737,116516479,118759737,1,"protein_coding","Blue","-"
"930","Mdm2","10",117688875,117710758,116688875,118710758,-1,"protein_coding","Blue","-"
"931","Inhbb","1",119415465,119422248,118415465,120422248,-1,"protein_coding","Blue","-"
"932","Acsm2","7",119554340,119600690,118554340,120600690,1,"protein_coding","Blue","-"
"933","Scn10a","9",119608456,119719322,118608456,120719322,-1,"protein_coding","Blue","-"
"934","Wdr48","9",119894878,119926587,118894878,120926587,1,"protein_coding","Blue","-"
"935","Cx3cr1","9",119901616,120069879,118901616,121069879,-1,"protein_coding","Blue","-"
"936","Actg1","11",120345690,120348542,119345690,121348542,-1,"protein_coding","Blue","-"
"937","Entpd3","9",120539818,120568327,119539818,121568327,1,"protein_coding","Blue","-"
"938","Ppp1r27","11",120549979,120551132,119549979,121551132,-1,"protein_coding","Blue","-"
"939","Gins2","8",120578633,120589304,119578633,121589304,-1,"protein_coding","Blue","-"
"940","Anapc11","11",120598421,120608198,119598421,121608198,1,"protein_coding","Blue","-"
"941","Cited4","4",120666572,120667820,119666572,121667820,1,"protein_coding","Blue","-"
"942","Cenpx","11",120710942,120713738,119710942,121713738,-1,"protein_coding","Blue","-"
"943","Fasn","11",120805846,120824547,119805846,121824547,-1,"protein_coding","Blue","-"
"944","Tmem116","5",121451893,121524183,120451893,122524183,1,"protein_coding","Blue","-"
"945","Lyzl4","9",121577843,121642096,120577843,122642096,-1,"protein_coding","Blue","-"
"946","Scnn1g","7",121734479,121768475,120734479,122768475,1,"protein_coding","Blue","-"
"947","Scnn1b","7",121865038,121918514,120865038,122918514,1,"protein_coding","Blue","-"
"948","B2m","2",122147686,122153083,121147686,123153083,1,"protein_coding","Blue","-"
"949","Shf","2",122348892,122369162,121348892,123369162,-1,"protein_coding","Blue","-"
"950","Slc28a2","2",122426477,122461137,121426477,123461137,1,"protein_coding","Blue","-"
"951","Ctu2","8",122476143,122484138,121476143,123484138,1,"protein_coding","Blue","-"
"952","Apobec1","6",122577792,122602444,121577792,123602444,-1,"protein_coding","Blue","-"
"953","Mycl","4",122995652,123002485,121995652,124002485,1,"protein_coding","Blue","-"
"954","Clec4a2","6",123106428,123143999,122106428,124143999,1,"protein_coding","Blue","-"
"955","Ppie","4",123127115,123139951,122127115,124139951,-1,"protein_coding","Blue","-"
"956","Tmem158","9",123259053,123260764,122259053,124260764,-1,"protein_coding","Blue","-"
"957","Lztfl1","9",123694416,123717697,122694416,124717697,-1,"protein_coding","Blue","-"
"958","Cxcr6","9",123806475,123811760,122806475,124811760,1,"protein_coding","Blue","-"
"959","Ccr5","9",124121543,124147699,123121543,125147699,1,"protein_coding","Blue","-"
"960","Csf3r","4",126024550,126044440,125024550,127044440,1,"protein_coding","Blue","-"
"961","Cln3","7",126571207,126585817,125571207,127585817,-1,"protein_coding","Blue","-"
"962","Apobr","7",126584942,126589112,125584942,127589112,1,"protein_coding","Blue","-"
"963","Tbx6","7",126781483,126785560,125781483,127785560,1,"protein_coding","Blue","-"
"964","Aldoa","7",126795234,126800751,125795234,127800751,-1,"protein_coding","Blue","-"
"965","Sfpq","4",127021324,127037013,126021324,128037013,1,"protein_coding","Blue","-"
"966","Mgat5","1",127205015,127488336,126205015,128488336,1,"protein_coding","Blue","-"
"967","Itgal","7",127296260,127335138,126296260,128335138,1,"protein_coding","Blue","-"
"968","Lrp1","10",127538161,127621148,126538161,128621148,-1,"protein_coding","Blue","-"
"969","Ctf2","7",127718106,127732166,126718106,128732166,-1,"protein_coding","Blue","-"
"970","Zbtb39","10",127739538,127747349,126739538,128747349,1,"protein_coding","Blue","-"
"971","Itgad","7",128154376,128223816,127154376,129223816,1,"protein_coding","Blue","-"
"972","Clec1a","6",129424772,129452000,128424772,130452000,-1,"protein_coding","Blue","-"
"973","Il10","1",131019845,131024974,130019845,132024974,1,"protein_coding","Blue","-"
"974","Dmbt1","7",131032046,131121628,130032046,132121628,1,"protein_coding","Blue","-"
"975","Cdcp3","7",131174402,131306451,130174402,132306451,1,"protein_coding","Blue","-"
"976","Gmeb1","4",132221025,132261602,131221025,133261602,-1,"protein_coding","Blue","-"
"977","Ptafr","4",132564067,132582683,131564067,133582683,1,"protein_coding","Blue","-"
"978","Themis2","4",132781843,132796387,131781843,133796387,-1,"protein_coding","Blue","-"
"979","Slc9a1","4",133369706,133423702,132369706,134423702,1,"protein_coding","Blue","-"
"980","Gtf2ird2","5",134184019,134224355,133184019,135224355,1,"protein_coding","Blue","-"
"981","Extl1","4",134356372,134383850,133356372,135383850,-1,"protein_coding","Blue","-"
"982","Stmn1","4",134468320,134473843,133468320,135473843,1,"protein_coding","Blue","-"
"983","Slc39a8","3",135825279,135888572,134825279,136888572,1,"protein_coding","Blue","-"
"984","Lrwd1","5",136122772,136136074,135122772,137136074,-1,"protein_coding","Blue","-"
"985","Hspg2","4",137468769,137570630,136468769,138570630,1,"protein_coding","Blue","-"
"986","Aspm","1",139454772,139494091,138454772,140494091,1,"protein_coding","Blue","-"
"987","Elfn1","5",139907943,139974722,138907943,140974722,1,"protein_coding","Blue","-"
"988","Nudt1","5",140321656,140338137,139321656,141338137,1,"protein_coding","Blue","-"
"989","Aebp2","6",140622663,140678472,139622663,141678472,1,"protein_coding","Blue","-"
"990","Actb","5",142903115,142906754,141903115,143906754,-1,"protein_coding","Blue","-"
"991","Daglb","5",143464584,143505942,142464584,144505942,1,"protein_coding","Blue","-"
"992","Rgs2","1",143999338,144004161,142999338,145004161,-1,"protein_coding","Blue","-"
"993","Rgs13","1",144138654,144177372,143138654,145177372,-1,"protein_coding","Blue","-"
"994","Baiap2l1","5",144264526,144358112,143264526,145358112,-1,"protein_coding","Blue","-"
"995","Mgme1","2",144270663,144281227,143270663,145281227,1,"protein_coding","Blue","-"
"996","Ano1","7",144588549,144751974,143588549,145751974,-1,"protein_coding","Blue","-"
"997","Atp5j2","5",145183698,145192062,144183698,146192062,-1,"protein_coding","Blue","-"
"998","Itpr2","6",146108299,146502223,145108299,147502223,-1,"protein_coding","Blue","-"
"999","Sstr4","2",148395344,148396767,147395344,149396767,1,"protein_coding","Blue","-"
"1000","Thbd","2",148404466,148408188,147404466,149408188,-1,"protein_coding","Blue","-"
"1001","Tardbp","4",148612382,148627019,147612382,149627019,-1,"protein_coding","Blue","-"
"1002","Cst10","2",149405057,149410293,148405057,150410293,1,"protein_coding","Blue","-"
"1003","Car6","4",150187015,150201332,149187015,151201332,-1,"protein_coding","Blue","-"
"1004","Pfkfb1","X",150588229,150643878,149588229,151643878,1,"protein_coding","Blue","-"
"1005","Tro","X",150645304,150657583,149645304,151657583,-1,"protein_coding","Blue","-"
"1006","Errfi1","4",150853919,150868892,149853919,151868892,1,"protein_coding","Blue","-"
"1007","Tsr2","X",151087094,151096543,150087094,152096543,-1,"protein_coding","Blue","-"
"1008","Srxn1","2",152105516,152111376,151105516,153111376,1,"protein_coding","Blue","-"
"1009","Mylk2","2",152911352,152923068,151911352,153923068,1,"protein_coding","Blue","-"
"1010","Hck","2",153108468,153151441,152108468,154151441,1,"protein_coding","Blue","-"
"1011","Dnmt3b","2",153649450,153687730,152649450,154687730,1,"protein_coding","Blue","-"
"1012","Bpifa2","2",154008265,154016079,153008265,155016079,1,"protein_coding","Blue","-"
"1013","Snta1","2",154376313,154408099,153376313,155408099,-1,"protein_coding","Blue","-"
"1014","Mmp24","2",155775342,155818366,154775342,156818366,1,"protein_coding","Blue","-"
"1015","Gm15557","2",155940728,155942750,154940728,156942750,1,"protein_coding","Blue","-"
"1016","Fer1l4","2",156019139,156052947,155019139,157052947,-1,"protein_coding","Blue","-"
"1017","Cnbd2","2",156312299,156375638,155312299,157375638,1,"protein_coding","Blue","-"
"1018","Sla2","2",156872457,156887192,155872457,157887192,-1,"protein_coding","Blue","-"
"1019","Tnr","1",159523769,159931729,158523769,160931729,1,"protein_coding","Blue","-"
"1020","Top1","2",160645888,160722764,159645888,161722764,1,"protein_coding","Blue","-"
"1021","Prdx6","1",161240112,161251219,160240112,162251219,-1,"protein_coding","Blue","-"
"1022","Mybl2","2",163054687,163084688,162054687,164084688,1,"protein_coding","Blue","-"
"1023","Nme7","1",164304121,164437725,163304121,165437725,1,"protein_coding","Blue","-"
"1024","Atp1b1","1",164437109,164458355,163437109,165458355,-1,"protein_coding","Blue","-"
"1025","Ocstamp","2",165393760,165400405,164393760,166400405,-1,"protein_coding","Blue","-"
"1026","Zfp64","2",168893331,168955587,167893331,169955587,-1,"protein_coding","Blue","-"
"1027","Fcgr3","1",171051174,171064935,170051174,172064935,-1,"protein_coding","Blue","-"
"1028","Dedd","1",171329145,171342331,170329145,172342331,1,"protein_coding","Blue","-"
"1029","Cd84","1",171839697,171890718,170839697,172890718,1,"protein_coding","Blue","-"
"1030","Pigm","1",172376546,172384099,171376546,173384099,1,"protein_coding","Blue","-"
"1031","Uckl1","2",181569149,181584892,180569149,182584892,-1,"protein_coding","Blue","-"
"1032","Lamb3","1",193207699,193343878,192207699,194343878,1,"protein_coding","Blue","-"
"1033","Hsd11b1","1",193221634,193264075,192221634,194264075,-1,"protein_coding","Blue","-"
